,위도,경도
0,37.6578,127.0613
1,37.6575,127.0614
2,37.6591,127.0568
3,37.659,127.0565
4,37.6683,127.062
5,37.6679,127.0621
6,37.6682,127.0622
7,37.6627,127.0562
8,37.6629,127.0566
9,37.663,127.0561
10,37.6632,127.0533
11,37.6633,127.0531
12,37.6633,127.0526
13,37.663,127.0527
14,37.6679,127.0532
15,37.668,127.0534
16,37.6685,127.0511
17,37.6688,127.0512
18,37.6603,127.0749
19,37.6576,127.0787
20,37.6579,127.0788
21,37.6575,127.079
22,37.6642,127.0787
23,37.6644,127.0787
24,37.6653,127.0693
25,37.683,127.0567
26,37.683,127.0565
27,37.6808,127.0565
28,37.6806,127.0564
29,37.6225,127.0611
30,37.6295,127.0519
31,37.6296,127.0517
32,37.6294,127.0512
33,37.6294,127.0521
34,37.6339,127.0517
35,37.634,127.0516
36,37.6331,127.0591
37,37.633,127.059
38,37.633,127.0592
39,37.6286,127.06
40,37.6284,127.06
41,37.6284,127.0603
42,37.6288,127.0603
43,37.6243,127.0879
44,37.6243,127.0881
45,37.6522,127.0786
46,37.652,127.0789
47,37.6469,127.0724
48,37.6467,127.0723
49,37.6491,127.0746
50,37.6491,127.0745
51,37.6492,127.0747
52,37.6493,127.0583
53,37.6493,127.0587
54,37.6492,127.0586
55,37.6492,127.0579
56,37.6472,127.0605
57,37.6472,127.06
58,37.6528,127.0631
59,37.6527,127.0627
60,37.6644,127.0792
61,37.664,127.0793
62,37.6639,127.0798
63,37.6633,127.0599
64,37.6634,127.0599
65,37.6447,127.0744
66,37.6451,127.0743
67,37.6452,127.0733
68,37.645,127.0725
69,37.639,127.0832
70,37.6393,127.0844
71,37.6397,127.0854
72,37.6386,127.0854
73,37.6374,127.0844
74,37.6768,127.0582
75,37.6532,127.0765
76,37.6531,127.0768
77,37.6442,127.0613
78,37.6446,127.0614
79,37.6442,127.0613
80,37.6442,127.0613
81,37.6442,127.0613
82,37.662,127.0688
83,37.67,127.0606
84,37.6705,127.0604
85,37.6709,127.0603
86,37.6558,127.0768
87,37.6558,127.0766
88,37.6617,127.0798
89,37.6822,127.0596
90,37.683,127.0627
91,37.6836,127.0648
92,37.6732,127.0628
93,37.6745,127.0617
94,37.6754,127.0625
95,37.6773,127.0645
96,37.6489,127.0663
97,37.6486,127.0658
98,37.6483,127.0664
99,37.6486,127.0668
100,37.6511,127.0654
101,37.6507,127.0645
102,37.6507,127.0645
103,37.6229,127.0879
104,37.6825,127.0903
105,37.67,127.0507
106,37.6697,127.0508
107,37.6691,127.0506
108,37.6682,127.0505
109,37.6691,127.0502
110,37.6697,127.0501
111,37.6308,127.0661
112,37.6695,127.077
113,37.6695,127.0766
114,37.6693,127.0766
115,37.6689,127.0767
116,37.6685,127.0771
117,37.6655,127.0668
118,37.6456,127.063
119,37.6456,127.063
120,37.6454,127.0626
121,37.6507,127.064
122,37.6507,127.0642
123,37.6513,127.0666
124,37.6322,127.0688
125,37.6324,127.069
126,37.6323,127.0694
127,37.632,127.0689
128,37.632,127.0692
129,37.635,127.0711
130,37.6269,127.0706
131,37.6204,127.0831
132,37.6584,127.0723
133,37.6392,127.0512
134,37.6386,127.0513
135,37.6383,127.0514
136,37.6381,127.0519
137,37.6399,127.0653
138,37.6403,127.0656
139,37.6399,127.0657
140,37.6399,127.0658
141,37.6393,127.066
142,37.6401,127.0652
143,37.6402,127.0673
144,37.6398,127.0671
145,37.6397,127.0675
146,37.64,127.0675
147,37.615,127.0647
148,37.6239,127.0749
149,37.6268,127.0767
150,37.6247,127.0776
151,37.6227,127.0779
152,37.6211,127.0784
153,37.6208,127.0786
154,37.62,127.08
155,37.6199,127.0808
156,37.6198,127.0815
157,37.6203,127.0833
158,37.6205,127.0838
159,37.6208,127.0845
160,37.6217,127.0868
161,37.622,127.0877
162,37.6223,127.0884
163,37.623,127.0899
164,37.625,127.0524
165,37.6271,127.0519
166,37.6281,127.0534
167,37.6374,127.0632
168,37.6318,127.0656
169,37.6659,127.0533
170,37.6629,127.0545
171,37.6598,127.061
172,37.6668,127.0605
173,37.637,127.0761
174,37.6812,127.0898
175,37.6227,127.0883
176,37.6236,127.0879
177,37.6481,127.0697
178,37.6444,127.0583
179,37.6435,127.0582
180,37.6431,127.0574
181,37.6429,127.0568
182,37.6435,127.057
183,37.6445,127.0572
184,37.6447,127.0576
185,37.6448,127.0582
186,37.6564,127.08
187,37.6564,127.08
188,37.6564,127.0804
189,37.6666,127.0712
190,37.6663,127.0714
191,37.621,127.0616
192,37.6252,127.0703
193,37.6302,127.0689
194,37.6299,127.0692
195,37.6304,127.0624
196,37.6305,127.063
197,37.6311,127.0658
198,37.6313,127.0667
199,37.6314,127.0679
200,37.6316,127.0687
201,37.6315,127.0695
202,37.6313,127.0708
203,37.631,127.0716
204,37.6305,127.0724
205,37.6298,127.0734
206,37.6302,127.0624
207,37.67,127.0833
208,37.6206,127.0777
209,37.6521,127.0591
210,37.627,127.0869
211,37.6366,127.0742
212,37.6202,127.0612
213,37.6256,127.0764
214,37.6193,127.0722
215,37.6703,127.0555
216,37.6538,127.065
217,37.6518,127.0572
218,37.6278,127.0733
219,37.6762,127.0578
220,37.6694,127.0584
221,37.666,127.0546
222,37.6489,127.0793
223,37.6657,127.0542
224,37.6656,127.0551
225,37.6493,127.0579
226,37.6579,127.0756
227,37.6581,127.0761
228,37.6487,127.0711
229,37.6493,127.0705
230,37.6443,127.0595
231,37.6734,127.059
232,37.6734,127.059
233,37.6734,127.059
234,37.6729,127.0588
235,37.6729,127.0588
236,37.6729,127.0588
237,37.6725,127.0587
238,37.6725,127.0587
239,37.6725,127.0587
240,37.6695,127.0765
241,37.646,127.0844
242,37.646,127.0844
243,37.6206,127.0861
244,37.6207,127.087
245,37.6151,127.0644
246,37.6638,127.0708
247,37.6656,127.0695
248,37.6236,127.0909
249,37.6239,127.0914
250,37.6242,127.0916
251,37.6242,127.0921
252,37.6247,127.0932
253,37.625,127.094
254,37.6233,127.0906
255,37.6235,127.0911
256,37.6236,127.0916
257,37.6239,127.0925
258,37.6242,127.093
259,37.6245,127.0935
260,37.624,127.0933
261,37.6244,127.094
262,37.6248,127.094
263,37.6252,127.0949
264,37.6256,127.0958
265,37.6259,127.0954
266,37.626,127.095
267,37.6259,127.0949
268,37.6261,127.0966
269,37.6267,127.0973
270,37.6275,127.0978
271,37.6284,127.0985
272,37.6291,127.099
273,37.6299,127.0994
274,37.6307,127.1
275,37.6314,127.1005
276,37.6321,127.1011
277,37.6326,127.1019
278,37.6332,127.1029
279,37.6337,127.104
280,37.6342,127.105
281,37.6347,127.1061
282,37.6353,127.1072
283,37.6357,127.108
284,37.6362,127.1089
285,37.6367,127.1099
286,37.637,127.1108
287,37.6373,127.1119
288,37.6474,127.075
289,37.6472,127.0761
290,37.6471,127.0756
291,37.6387,127.0657
292,37.6387,127.0657
293,37.6306,127.0734
294,37.6306,127.0514
295,37.6258,127.0694
296,37.6259,127.0694
297,37.6259,127.0694
298,37.6255,127.0942
299,37.6257,127.0945
300,37.6312,127.0716
301,37.628,127.0552
302,37.628,127.0552
303,37.6279,127.055
304,37.6279,127.055
305,37.6285,127.055
306,37.6285,127.055
307,37.6273,127.0764
308,37.628,127.0759
309,37.6286,127.0753
310,37.6292,127.0743
311,37.6401,127.0766
312,37.6398,127.0778
313,37.6401,127.0791
314,37.6388,127.0742
315,37.6387,127.0738
316,37.6405,127.0756
317,37.6348,127.0714
318,37.6316,127.0657
319,37.6321,127.0652
320,37.6368,127.0634
321,37.6595,127.0738
322,37.648,127.0698
323,37.6468,127.079
324,37.6276,127.0673
325,37.6276,127.0673
326,37.6276,127.0673
327,37.6273,127.0676
328,37.6273,127.0676
329,37.6491,127.0703
330,37.6491,127.0717
331,37.6484,127.0722
332,37.6616,127.0821
333,37.6617,127.0813
334,37.6672,127.0611
335,37.6609,127.0634
336,37.6283,127.0625
337,37.6467,127.0587
338,37.6372,127.0635
339,37.6323,127.0656
340,37.6616,127.0676
341,37.6615,127.0677
342,37.6614,127.0676
343,37.6614,127.0675
344,37.6215,127.0715
345,37.6215,127.0715
346,37.6475,127.0634
347,37.6475,127.0633
348,37.6475,127.0636
349,37.6726,127.0788
350,37.6504,127.0634
351,37.6504,127.0634
352,37.6677,127.0831
353,37.6273,127.0514
354,37.6301,127.044
355,37.622,127.0566
356,37.6805,127.0571
357,37.6271,127.087
358,37.6221,127.0694
359,37.6227,127.0692
360,37.6318,127.0569
361,37.6316,127.0571
362,37.6316,127.0568
363,37.6338,127.0445
364,37.6341,127.0448
365,37.6349,127.0453
366,37.6349,127.045
367,37.6311,127.0494
368,37.628,127.0471
369,37.6257,127.0577
370,37.6257,127.0577
371,37.6264,127.0572
372,37.6257,127.0567
373,37.6257,127.0567
374,37.6665,127.0753
375,37.6656,127.0731
376,37.6448,127.0571
377,37.6448,127.0571
378,37.6233,127.055
379,37.6234,127.0562
380,37.6311,127.0488
381,37.631,127.0493
382,37.687,127.0521
383,37.6876,127.0529
384,37.6204,127.0613
385,37.6219,127.073
386,37.6206,127.0809
387,37.6212,127.0887
388,37.6259,127.0928
389,37.6425,127.0747
390,37.6397,127.072
391,37.6868,127.0542
392,37.6726,127.0848
393,37.668,127.0586
394,37.661,127.0637
395,37.6607,127.0633
396,37.6283,127.0629
397,37.6169,127.0646
398,37.6539,127.081
399,37.6536,127.0816
400,37.6546,127.0794
401,37.662,127.0792
402,37.6622,127.0788
403,37.6649,127.0622
404,37.6649,127.0622
405,37.6649,127.0622
406,37.6646,127.0629
407,37.6646,127.0629
408,37.6646,127.0629
409,37.6618,127.0621
410,37.6618,127.0621
411,37.6618,127.0621
412,37.6618,127.0625
413,37.6618,127.0625
414,37.6618,127.0625
415,37.6672,127.0835
416,37.6551,127.0824
417,37.6551,127.0824
418,37.6308,127.0656
419,37.6551,127.0827
420,37.655,127.0829
421,37.655,127.0829
422,37.655,127.0829
423,37.6152,127.064
424,37.6152,127.064
425,37.6153,127.064
426,37.6153,127.064
427,37.6153,127.0645
428,37.6153,127.0645
429,37.6556,127.0815
430,37.6556,127.0819
431,37.6203,127.0796
432,37.6203,127.0796
433,37.6621,127.0662
434,37.6621,127.0662
435,37.6209,127.0787
436,37.6209,127.0787
437,37.6237,127.088
438,37.627,127.0854
439,37.627,127.0853
440,37.6269,127.085
441,37.6267,127.0852
442,37.6254,127.0847
443,37.6252,127.0844
444,37.6539,127.0795
445,37.6471,127.075
446,37.6777,127.0516
447,37.6777,127.0516
448,37.6793,127.0527
449,37.6793,127.0526
450,37.6816,127.0535
451,37.6816,127.0536
452,37.6816,127.0536
453,37.6506,127.071
454,37.669,127.0715
455,37.669,127.0715
456,37.669,127.0714
457,37.669,127.0714
458,37.669,127.0714
459,37.6683,127.072
460,37.6683,127.0718
461,37.6683,127.0718
462,37.669,127.0705
463,37.669,127.0705
464,37.669,127.0709
465,37.669,127.0709
466,37.669,127.0709
467,37.6691,127.0712
468,37.6691,127.0712
469,37.6677,127.0709
470,37.6677,127.0709
471,37.6677,127.0709
472,37.6675,127.0713
473,37.6677,127.0716
474,37.6677,127.0716
475,37.6677,127.0716
476,37.668,127.0719
477,37.668,127.0719
478,37.6681,127.072
479,37.6544,127.0564
480,37.6544,127.0564
481,37.6241,127.0597
482,37.623,127.0779
483,37.6578,127.0625
484,37.6639,127.0744
485,37.6641,127.0687
486,37.6292,127.0741
487,37.6752,127.0536
488,37.6165,127.0646
489,37.6721,127.0799
490,37.6703,127.0805
491,37.6693,127.0794
492,37.6609,127.0758
493,37.6169,127.0641
494,37.6683,127.0794
495,37.6282,127.0595
496,37.6509,127.084
497,37.6603,127.0776
498,37.6234,127.0808
499,37.6437,127.0831
500,37.6367,127.0761
501,37.658,127.068
502,37.6508,127.0825
503,37.661,127.0764
504,37.6724,127.0524
505,37.6757,127.0573
506,37.6655,127.0727
507,37.6366,127.0734
508,37.6572,127.0686
509,37.6368,127.0741
510,37.651,127.0834
511,37.6666,127.0767
512,37.6494,127.0842
513,37.6718,127.0818
514,37.668,127.0786
515,37.668,127.0786
516,37.672,127.0838
517,37.6739,127.0846
518,37.6435,127.0831
519,37.6707,127.0797
520,37.6251,127.0791
521,37.6722,127.0797
522,37.6596,127.0668
523,37.6823,127.0579
524,37.6716,127.0844
525,37.6727,127.0823
526,37.673,127.0842
527,37.6694,127.0775
528,37.6706,127.0786
529,37.6725,127.0783
530,37.6764,127.0825
531,37.6701,127.0783
532,37.6218,127.0807
533,37.6157,127.0632
534,37.6182,127.0596
535,37.6184,127.0637
536,37.6152,127.0624
537,37.6223,127.0571
538,37.6223,127.0571
539,37.6223,127.0571
540,37.6229,127.0525
541,37.6715,127.0801
542,37.6315,127.0566
543,37.6239,127.0509
544,37.6231,127.0613
545,37.6231,127.0613
546,37.6231,127.0613
547,37.626,127.0756
548,37.6205,127.0779
549,37.6697,127.0788
550,37.6184,127.0737
551,37.6184,127.0737
552,37.6184,127.0737
553,37.6184,127.0737
554,37.6184,127.0737
555,37.6228,127.075
556,37.6231,127.0809
557,37.6246,127.0785
558,37.6267,127.0779
559,37.6369,127.0762
560,37.6359,127.0685
561,37.6359,127.0685
562,37.6359,127.0685
563,37.6359,127.0685
564,37.6359,127.0685
565,37.6351,127.0712
566,37.6351,127.0712
567,37.6351,127.0712
568,37.6351,127.0712
569,37.6503,127.0773
570,37.6517,127.0821
571,37.6455,127.0645
572,37.6455,127.0645
573,37.6455,127.0645
574,37.6766,127.0535
575,37.6735,127.0528
576,37.6744,127.0581
577,37.6738,127.0569
578,37.6762,127.0563
579,37.6766,127.055
580,37.6766,127.055
581,37.6766,127.055
582,37.6766,127.055
583,37.6599,127.0714
584,37.6558,127.0643
585,37.6558,127.0643
586,37.6558,127.0643
587,37.6558,127.0643
588,37.6568,127.0624
589,37.6567,127.0617
590,37.6564,127.0616
591,37.659,127.0626
592,37.6604,127.0691
593,37.6597,127.0698
594,37.6597,127.0698
595,37.6597,127.0698
596,37.6597,127.0698
597,37.6597,127.0698
598,37.6546,127.0691
599,37.6567,127.0641
600,37.6575,127.0652
601,37.6561,127.0662
602,37.6693,127.082
603,37.6653,127.0716
604,37.6644,127.0726
605,37.672,127.0838
606,37.6706,127.0833
607,37.6687,127.0767
608,37.6613,127.0715
609,37.6613,127.0715
610,37.6541,127.062
611,37.6544,127.0634
612,37.6709,127.0578
613,37.6361,127.0736
614,37.6214,127.0763
615,37.668,127.0786
616,37.6621,127.0674
617,37.657,127.0699
618,37.6446,127.075
619,37.657,127.0739
620,37.657,127.0739
621,37.657,127.0739
622,37.6502,127.0762
623,37.6502,127.0762
624,37.6502,127.0762
625,37.6218,127.0819
626,37.6195,127.079
627,37.6282,127.0595
628,37.6163,127.0663
629,37.6162,127.0668
630,37.6169,127.0604
631,37.6169,127.0604
632,37.6254,127.0766
633,37.6252,127.0843
634,37.6603,127.0739
635,37.655,127.0733
636,37.6578,127.0678
637,37.6578,127.0678
638,37.6578,127.0678
639,37.6578,127.0678
640,37.6642,127.0702
641,37.6825,127.0527
642,37.637,127.0785
643,37.6313,127.0652
644,37.6313,127.0652
645,37.6364,127.0722
646,37.6385,127.0825
647,37.6167,127.0623
648,37.6176,127.059
649,37.6227,127.0587
650,37.6227,127.0587
651,37.6315,127.0714
652,37.6741,127.0799
653,37.6282,127.0467
654,37.6311,127.0675
655,37.6311,127.0675
656,37.6311,127.0675
657,37.6311,127.0675
658,37.6235,127.0772
659,37.6235,127.0779
660,37.6735,127.0501
661,37.6241,127.0739
662,37.625,127.0874
663,37.6238,127.0745
664,37.6206,127.081
665,37.6726,127.0788
666,37.6715,127.0771
667,37.6219,127.0727
668,37.6511,127.0827
669,37.6443,127.0834
670,37.6753,127.0837
671,37.6432,127.0836
672,37.6668,127.0697
673,37.6632,127.0716
674,37.6722,127.054
675,37.6846,127.0546
676,37.6509,127.0585
677,37.6262,127.0699
678,37.6216,127.0716
679,37.6193,127.0724
680,37.6317,127.0589
681,37.6155,127.0676
682,37.6202,127.0829
683,37.6276,127.0723
684,37.6276,127.0723
685,37.6276,127.0723
686,37.6276,127.0723
687,37.6276,127.0723
688,37.6374,127.0739
689,37.6374,127.0739
690,37.6733,127.0519
691,37.6439,127.066
692,37.6439,127.066
693,37.6439,127.066
694,37.6439,127.066
695,37.6439,127.066
696,37.648,127.0808
697,37.6461,127.0834
698,37.6461,127.0834
699,37.6501,127.0796
700,37.6503,127.0809
701,37.6666,127.0803
702,37.668,127.0768
703,37.628,127.0852
704,37.6233,127.0634
705,37.6223,127.0589
706,37.6223,127.0589
707,37.6649,127.0636
708,37.6526,127.0712
709,37.6526,127.0712
710,37.6526,127.0712
711,37.6526,127.0712
712,37.6526,127.0712
713,37.6733,127.0511
714,37.6655,127.0697
715,37.6757,127.0874
716,37.6265,127.0768
717,37.6265,127.0768
718,37.6265,127.0768
719,37.6265,127.0768
720,37.6255,127.0773
721,37.6255,127.0773
722,37.6255,127.0773
723,37.6255,127.0773
724,37.6229,127.0777
725,37.6229,127.0777
726,37.6229,127.0777
727,37.6237,127.0774
728,37.6237,127.0774
729,37.6262,127.076
730,37.6258,127.0765
731,37.6688,127.0606
732,37.626,127.0764
733,37.6245,127.0764
734,37.6245,127.0764
735,37.6245,127.0764
736,37.6245,127.0764
737,37.6394,127.0694
738,37.6394,127.0694
739,37.6394,127.0694
740,37.621,127.0743
741,37.621,127.0743
742,37.621,127.0743
743,37.621,127.0743
744,37.6674,127.0568
745,37.6674,127.0568
746,37.6674,127.0568
747,37.6674,127.0568
748,37.6583,127.0743
749,37.6583,127.0743
750,37.6228,127.0609
751,37.6578,127.0699
752,37.6677,127.0636
753,37.6679,127.0668
754,37.6223,127.0529
755,37.6846,127.0539
756,37.6363,127.0742
757,37.6363,127.0743
758,37.622,127.0566
759,37.6221,127.0575
760,37.6221,127.0575
761,37.6221,127.0575
762,37.6217,127.0587
763,37.6214,127.0573
764,37.6238,127.0685
765,37.6733,127.0601
766,37.6736,127.0597
767,37.6736,127.0597
768,37.6606,127.0665
769,37.627,127.0791
770,37.627,127.0791
771,37.627,127.0791
772,37.6542,127.0594
773,37.6542,127.0594
774,37.6189,127.077
775,37.6189,127.077
776,37.6189,127.077
777,37.6577,127.0658
778,37.6577,127.0658
779,37.661,127.0716
780,37.6293,127.0734
781,37.6293,127.0734
782,37.6293,127.0734
783,37.6293,127.0734
784,37.651,127.0781
785,37.651,127.0781
786,37.651,127.0781
787,37.6223,127.0792
788,37.6223,127.0792
789,37.6223,127.0792
790,37.6624,127.0728
791,37.6629,127.0631
792,37.6629,127.0631
793,37.6629,127.0631
794,37.6589,127.0674
795,37.6298,127.0443
796,37.6298,127.0443
797,37.6298,127.0443
798,37.6625,127.0729
799,37.6288,127.0594
800,37.6288,127.0594
801,37.6481,127.0837
802,37.6481,127.0837
803,37.6481,127.0837
804,37.6248,127.0554
805,37.6248,127.0554
806,37.6248,127.0554
807,37.6246,127.0768
808,37.6246,127.0768
809,37.6627,127.0714
810,37.6491,127.0821
811,37.619,127.08
812,37.619,127.08
813,37.619,127.08
814,37.6231,127.0672
815,37.6231,127.0672
816,37.6231,127.0672
817,37.6231,127.0672
818,37.6564,127.0679
819,37.6296,127.0748
820,37.6296,127.0748
821,37.6277,127.0824
822,37.6277,127.0824
823,37.6277,127.0824
824,37.6623,127.0777
825,37.6283,127.0744
826,37.6283,127.0744
827,37.6283,127.0744
828,37.6578,127.0625
829,37.6578,127.0625
830,37.629,127.072
831,37.629,127.072
832,37.629,127.072
833,37.6332,127.0706
834,37.6332,127.0706
835,37.6332,127.0706
836,37.624,127.0592
837,37.624,127.0592
838,37.634,127.0513
839,37.634,127.0513
840,37.649,127.0812
841,37.649,127.0812
842,37.649,127.0812
843,37.6488,127.0616
844,37.6488,127.0616
845,37.6569,127.078
846,37.6637,127.067
847,37.6541,127.0605
848,37.6542,127.0608
849,37.6545,127.0608
850,37.6544,127.0604
851,37.6512,127.0608
852,37.6363,127.0775
853,37.6363,127.0775
854,37.6363,127.0775
855,37.672,127.0775
856,37.6237,127.0538
857,37.6237,127.0538
858,37.6237,127.0538
859,37.6241,127.0726
860,37.6241,127.0726
861,37.6241,127.0726
862,37.6575,127.0704
863,37.6575,127.0704
864,37.6575,127.0704
865,37.6538,127.073
866,37.6538,127.073
867,37.6538,127.073
868,37.6698,127.0833
869,37.6698,127.0833
870,37.6698,127.0833
871,37.6622,127.0722
872,37.662,127.0724
873,37.662,127.0724
874,37.6622,127.0722
875,37.6622,127.0722
876,37.6622,127.0722
877,37.6622,127.0722
878,37.6597,127.0593
879,37.6597,127.059
880,37.6751,127.0535
881,37.6751,127.0535
882,37.6751,127.0535
883,37.6249,127.0595
884,37.6174,127.0662
885,37.619,127.0569
886,37.6243,127.0553
887,37.6323,127.057
888,37.63,127.0589
889,37.6297,127.0563
890,37.6325,127.0505
891,37.6327,127.0439
892,37.6307,127.0631
893,37.6284,127.0753
894,37.6232,127.0762
895,37.6255,127.0931
896,37.6223,127.0803
897,37.6218,127.08
898,37.6219,127.081
899,37.6228,127.0841
900,37.6228,127.0841
901,37.6208,127.0817
902,37.6223,127.0788
903,37.6503,127.0842
904,37.6497,127.0847
905,37.6609,127.0764
906,37.6744,127.059
907,37.6727,127.0512
908,37.6588,127.0698
909,37.667,127.0772
910,37.6695,127.0795
911,37.671,127.0794
912,37.6656,127.0674
913,37.6656,127.0674
914,37.6656,127.0674
915,37.6656,127.0674
916,37.6598,127.0711
917,37.6598,127.0711
918,37.6598,127.0711
919,37.6631,127.0709
920,37.6313,127.0527
921,37.6418,127.0612
922,37.6726,127.0848
923,37.6757,127.0583
924,37.657,127.0635
925,37.657,127.0635
926,37.6616,127.0692
927,37.6601,127.0738
928,37.6601,127.0735
929,37.6256,127.0746
930,37.625,127.0747
931,37.6253,127.075
932,37.6246,127.0744
933,37.6246,127.0747
934,37.6246,127.0747
935,37.6247,127.0753
936,37.624,127.0748
937,37.624,127.0748
938,37.6235,127.0739
939,37.6234,127.0744
940,37.623,127.0744
941,37.6234,127.0747
942,37.6235,127.0749
943,37.6238,127.0757
944,37.6232,127.0755
945,37.6221,127.0743
946,37.6225,127.0754
947,37.6227,127.0764
948,37.6252,127.0723
949,37.6232,127.0736
950,37.6232,127.0736
951,37.6232,127.0736
952,37.6232,127.0736
953,37.623,127.0722
954,37.623,127.0722
955,37.623,127.0722
956,37.623,127.0722
957,37.6594,127.0653
958,37.6598,127.0656
959,37.6599,127.0663
960,37.6596,127.0668
961,37.6589,127.0671
962,37.6589,127.0671
963,37.6595,127.0672
964,37.6599,127.0673
965,37.6607,127.0676
966,37.6599,127.0685
967,37.6601,127.0679
968,37.6595,127.0679
969,37.6593,127.0677
970,37.6601,127.0667
971,37.6612,127.0667
972,37.6616,127.0658
973,37.6612,127.066
974,37.6583,127.0658
975,37.6252,127.0759
976,37.6252,127.0759
977,37.6252,127.0759
978,37.6247,127.0758
979,37.6247,127.0758
980,37.6247,127.0758
981,37.6243,127.0754
982,37.6239,127.076
983,37.6248,127.0532
984,37.6248,127.0532
985,37.6248,127.0532
986,37.6253,127.0519
987,37.6253,127.0519
988,37.6253,127.0519
989,37.6249,127.0556
990,37.625,127.0546
991,37.6246,127.054
992,37.6251,127.0551
993,37.6244,127.0547
994,37.6239,127.0541
995,37.6235,127.0534
996,37.6233,127.0521
997,37.623,127.054
998,37.6233,127.0531
999,37.6233,127.0531
1000,37.6231,127.0527
1001,37.6231,127.0527
1002,37.6733,127.0837
1003,37.6248,127.0543
1004,37.6182,127.0587
1005,37.6172,127.0582
1006,37.617,127.0594
1007,37.632,127.0435
1008,37.6321,127.0438
1009,37.6331,127.0435
1010,37.6288,127.0458
1011,37.6295,127.0463
1012,37.6291,127.0452
1013,37.629,127.046
1014,37.6288,127.0459
1015,37.6288,127.0459
1016,37.6287,127.0469
1017,37.6329,127.0574
1018,37.6315,127.0576
1019,37.6324,127.057
1020,37.6327,127.0572
1021,37.6331,127.0576
1022,37.6338,127.0586
1023,37.6335,127.0587
1024,37.6332,127.0573
1025,37.6323,127.0583
1026,37.6372,127.0749
1027,37.6366,127.0739
1028,37.6366,127.0739
1029,37.6366,127.0745
1030,37.6364,127.0748
1031,37.6368,127.0743
1032,37.6358,127.075
1033,37.6358,127.0746
1034,37.6364,127.0789
1035,37.6373,127.0767
1036,37.6364,127.077
1037,37.6367,127.0761
1038,37.6701,127.0777
1039,37.6249,127.0715
1040,37.6237,127.0711
1041,37.6225,127.0715
1042,37.6244,127.0709
1043,37.6241,127.071
1044,37.6218,127.0721
1045,37.6242,127.072
1046,37.6247,127.0723
1047,37.6231,127.0728
1048,37.6231,127.0728
1049,37.6207,127.073
1050,37.6208,127.0737
1051,37.6201,127.0731
1052,37.6215,127.073
1053,37.6209,127.0741
1054,37.6203,127.0726
1055,37.6254,127.079
1056,37.6259,127.0782
1057,37.6251,127.0788
1058,37.6253,127.0782
1059,37.6247,127.0779
1060,37.6245,127.0791
1061,37.6245,127.0791
1062,37.6256,127.0787
1063,37.6253,127.0779
1064,37.6255,127.0774
1065,37.6253,127.0779
1066,37.6242,127.0806
1067,37.6236,127.08
1068,37.6218,127.0804
1069,37.6218,127.0807
1070,37.6219,127.0808
1071,37.6224,127.0795
1072,37.6225,127.0798
1073,37.6232,127.0798
1074,37.6226,127.0801
1075,37.6236,127.0804
1076,37.6238,127.0805
1077,37.6243,127.0803
1078,37.6243,127.08
1079,37.6513,127.0834
1080,37.6515,127.0841
1081,37.6507,127.0829
1082,37.651,127.0819
1083,37.6462,127.0838
1084,37.6465,127.085
1085,37.6465,127.085
1086,37.6465,127.085
1087,37.6465,127.085
1088,37.6465,127.0831
1089,37.6479,127.0825
1090,37.6479,127.0825
1091,37.6479,127.0825
1092,37.6479,127.0825
1093,37.6761,127.0574
1094,37.6773,127.0564
1095,37.6782,127.0565
1096,37.6778,127.0559
1097,37.677,127.0562
1098,37.6761,127.0576
1099,37.6761,127.0579
1100,37.6749,127.0585
1101,37.6747,127.0588
1102,37.6749,127.0594
1103,37.6748,127.0597
1104,37.6761,127.0572
1105,37.6768,127.0521
1106,37.676,127.0512
1107,37.6752,127.0526
1108,37.6752,127.0526
1109,37.6757,127.0529
1110,37.6761,127.0538
1111,37.677,127.0542
1112,37.6747,127.0543
1113,37.6769,127.0525
1114,37.6752,127.0519
1115,37.6762,127.0524
1116,37.6765,127.0531
1117,37.6757,127.0531
1118,37.6765,127.0545
1119,37.6742,127.0536
1120,37.675,127.0515
1121,37.6593,127.0682
1122,37.6592,127.0684
1123,37.659,127.0685
1124,37.6591,127.0693
1125,37.6586,127.069
1126,37.659,127.0696
1127,37.659,127.0706
1128,37.6589,127.0707
1129,37.6581,127.0692
1130,37.6579,127.0688
1131,37.6578,127.0689
1132,37.6576,127.0692
1133,37.6575,127.0693
1134,37.6574,127.0695
1135,37.6572,127.0696
1136,37.6577,127.0691
1137,37.6575,127.0693
1138,37.6577,127.0701
1139,37.6583,127.0702
1140,37.6583,127.0705
1141,37.6582,127.0707
1142,37.658,127.0709
1143,37.6558,127.0688
1144,37.6563,127.0698
1145,37.656,127.0697
1146,37.6558,127.0703
1147,37.6566,127.0705
1148,37.6564,127.0707
1149,37.6573,127.0706
1150,37.6567,127.0703
1151,37.6699,127.0821
1152,37.6693,127.0816
1153,37.6699,127.0825
1154,37.6701,127.0821
1155,37.6702,127.0835
1156,37.6687,127.082
1157,37.668,127.0796
1158,37.6683,127.0823
1159,37.67,127.0811
1160,37.6695,127.0813
1161,37.6681,127.08
1162,37.6688,127.0811
1163,37.6687,127.0814
1164,37.6693,127.081
1165,37.6665,127.0666
1166,37.6629,127.0665
1167,37.6629,127.0665
1168,37.6641,127.0671
1169,37.6641,127.0671
1170,37.6641,127.0671
1171,37.6641,127.0671
1172,37.6656,127.0669
1173,37.6614,127.068
1174,37.6605,127.0683
1175,37.615,127.065
1176,37.6617,127.0676
1177,37.6623,127.0679
1178,37.6606,127.0678
1179,37.6609,127.0683
1180,37.6615,127.0692
1181,37.6609,127.0688
1182,37.6608,127.069
1183,37.6609,127.07
1184,37.6605,127.0706
1185,37.6614,127.0695
1186,37.6613,127.0697
1187,37.6608,127.0703
1188,37.6608,127.0703
1189,37.6607,127.0705
1190,37.661,127.0709
1191,37.6604,127.071
1192,37.6599,127.0708
1193,37.6596,127.0709
1194,37.6599,127.0712
1195,37.6658,127.0708
1196,37.6645,127.0721
1197,37.6665,127.0709
1198,37.6661,127.0714
1199,37.6659,127.0717
1200,37.6651,127.0709
1201,37.665,127.0712
1202,37.6652,127.0719
1203,37.665,127.0722
1204,37.6745,127.083
1205,37.6617,127.0714
1206,37.6617,127.0713
1207,37.6643,127.0728
1208,37.6231,127.0593
1209,37.6612,127.0716
1210,37.6235,127.0595
1211,37.6238,127.0596
1212,37.6242,127.0596
1213,37.6244,127.0596
1214,37.6247,127.0593
1215,37.6253,127.0589
1216,37.6245,127.06
1217,37.6247,127.06
1218,37.6235,127.0605
1219,37.6237,127.061
1220,37.6229,127.0602
1221,37.6229,127.0602
1222,37.6229,127.0602
1223,37.6229,127.0602
1224,37.6241,127.06
1225,37.6223,127.0611
1226,37.6214,127.0612
1227,37.6207,127.0595
1228,37.6205,127.0618
1229,37.6205,127.0622
1230,37.6165,127.0646
1231,37.6166,127.0645
1232,37.6162,127.0635
1233,37.6164,127.0628
1234,37.6167,127.063
1235,37.617,127.0634
1236,37.6173,127.0635
1237,37.6173,127.0637
1238,37.6167,127.0637
1239,37.6166,127.0639
1240,37.6164,127.0637
1241,37.6161,127.064
1242,37.619,127.0584
1243,37.6232,127.0542
1244,37.6168,127.0658
1245,37.6307,127.0588
1246,37.6307,127.0588
1247,37.6307,127.0588
1248,37.6307,127.0588
1249,37.625,127.0599
1250,37.6215,127.0589
1251,37.6215,127.0589
1252,37.6215,127.0589
1253,37.6293,127.0533
1254,37.6323,127.0495
1255,37.6314,127.0611
1256,37.6312,127.0435
1257,37.6307,127.059
1258,37.6307,127.059
1259,37.6314,127.0589
1260,37.6185,127.0726
1261,37.6175,127.0727
1262,37.6173,127.0729
1263,37.6177,127.0734
1264,37.6185,127.0732
1265,37.6186,127.0731
1266,37.6188,127.0731
1267,37.6179,127.074
1268,37.6176,127.0741
1269,37.6182,127.0744
1270,37.6191,127.0759
1271,37.6191,127.0762
1272,37.62,127.0757
1273,37.62,127.0757
1274,37.62,127.0757
1275,37.62,127.0757
1276,37.62,127.0757
1277,37.62,127.076
1278,37.6202,127.0764
1279,37.6204,127.076
1280,37.62,127.0754
1281,37.6214,127.0761
1282,37.6219,127.0756
1283,37.6222,127.0766
1284,37.622,127.0775
1285,37.6217,127.0778
1286,37.6216,127.0773
1287,37.6196,127.0785
1288,37.6199,127.0787
1289,37.6198,127.0802
1290,37.6198,127.0799
1291,37.6194,127.0797
1292,37.6191,127.0776
1293,37.6191,127.0776
1294,37.6191,127.0776
1295,37.6191,127.0776
1296,37.6258,127.0777
1297,37.6262,127.0778
1298,37.6266,127.0783
1299,37.6268,127.0785
1300,37.6273,127.0778
1301,37.6277,127.0797
1302,37.6274,127.0803
1303,37.6266,127.08
1304,37.6267,127.0803
1305,37.6264,127.0797
1306,37.6216,127.0787
1307,37.6228,127.0783
1308,37.6232,127.0786
1309,37.6238,127.0783
1310,37.6246,127.0789
1311,37.6213,127.0788
1312,37.6241,127.0899
1313,37.6252,127.0925
1314,37.6253,127.0928
1315,37.6252,127.0925
1316,37.6252,127.0925
1317,37.6252,127.0925
1318,37.6264,127.0923
1319,37.6262,127.092
1320,37.6269,127.0944
1321,37.6257,127.071
1322,37.6224,127.0868
1323,37.6297,127.0733
1324,37.6304,127.073
1325,37.6312,127.0705
1326,37.6283,127.0663
1327,37.6283,127.0663
1328,37.6266,127.0684
1329,37.6266,127.0684
1330,37.6219,127.0714
1331,37.6219,127.0714
1332,37.6308,127.0656
1333,37.6313,127.0702
1334,37.675,127.0561
1335,37.6748,127.0574
1336,37.6741,127.059
1337,37.674,127.0608
1338,37.6741,127.0606
1339,37.6732,127.0598
1340,37.6732,127.0598
1341,37.6718,127.0583
1342,37.6715,127.0579
1343,37.6734,127.0577
1344,37.6737,127.0503
1345,37.6739,127.0511
1346,37.6743,127.0516
1347,37.6743,127.0516
1348,37.6733,127.0521
1349,37.6728,127.0517
1350,37.672,127.0528
1351,37.6589,127.0617
1352,37.6589,127.062
1353,37.6586,127.0645
1354,37.6585,127.0651
1355,37.6574,127.0649
1356,37.6565,127.0688
1357,37.6562,127.068
1358,37.6557,127.0681
1359,37.6572,127.0683
1360,37.6721,127.0857
1361,37.672,127.0857
1362,37.6712,127.0858
1363,37.6711,127.0852
1364,37.6715,127.0854
1365,37.6707,127.0852
1366,37.6716,127.0847
1367,37.6722,127.0851
1368,37.6639,127.0693
1369,37.6639,127.069
1370,37.6648,127.0689
1371,37.6651,127.069
1372,37.6647,127.0696
1373,37.6649,127.0698
1374,37.6651,127.0701
1375,37.6648,127.0708
1376,37.6648,127.0708
1377,37.6646,127.0706
1378,37.664,127.0699
1379,37.6636,127.0702
1380,37.6638,127.0703
1381,37.6632,127.0695
1382,37.6628,127.0698
1383,37.6628,127.0701
1384,37.6628,127.0706
1385,37.6625,127.0708
1386,37.6618,127.0704
1387,37.6638,127.0725
1388,37.6639,127.0718
1389,37.6641,127.0712
1390,37.6636,127.0713
1391,37.6633,127.0714
1392,37.6626,127.0716
1393,37.6625,127.0717
1394,37.6624,127.0718
1395,37.6623,127.0727
1396,37.6626,127.0728
1397,37.6629,127.0727
1398,37.6633,127.0726
1399,37.6634,127.0724
1400,37.6632,127.072
1401,37.6632,127.072
1402,37.6496,127.0819
1403,37.6503,127.0827
1404,37.6504,127.0825
1405,37.6499,127.0828
1406,37.6498,127.0829
1407,37.6494,127.0835
1408,37.6491,127.0836
1409,37.6497,127.0843
1410,37.6499,127.0844
1411,37.6492,127.085
1412,37.6497,127.084
1413,37.6502,127.0831
1414,37.6496,127.0828
1415,37.6595,127.074
1416,37.6596,127.0744
1417,37.6609,127.075
1418,37.661,127.0743
1419,37.6612,127.0758
1420,37.6614,127.0766
1421,37.6609,127.0765
1422,37.6607,127.0768
1423,37.6606,127.076
1424,37.66,127.0762
1425,37.6601,127.0766
1426,37.6597,127.0779
1427,37.646,127.082
1428,37.6388,127.0702
1429,37.6347,127.0708
1430,37.6347,127.0708
1431,37.634,127.0707
1432,37.634,127.0704
1433,37.6354,127.071
1434,37.6357,127.071
1435,37.6356,127.0703
1436,37.6361,127.071
1437,37.6367,127.0714
1438,37.6806,127.0561
1439,37.6823,127.0566
1440,37.667,127.0708
1441,37.6653,127.073
1442,37.6624,127.0669
1443,37.6289,127.0581
1444,37.6296,127.0583
1445,37.6287,127.0592
1446,37.6293,127.0579
1447,37.6298,127.0585
1448,37.6223,127.0564
1449,37.6217,127.0571
1450,37.6217,127.0571
1451,37.6217,127.058
1452,37.6217,127.058
1453,37.6217,127.058
1454,37.6217,127.058
1455,37.6208,127.0582
1456,37.6207,127.0578
1457,37.6207,127.0578
1458,37.6192,127.0571
1459,37.6229,127.0562
1460,37.6224,127.0574
1461,37.6225,127.0579
1462,37.6226,127.0584
1463,37.6213,127.0586
1464,37.6207,127.0584
1465,37.6205,127.0579
1466,37.6204,127.0573
1467,37.6194,127.0569
1468,37.6194,127.0568
1469,37.6194,127.0574
1470,37.6184,127.0575
1471,37.6157,127.0667
1472,37.6157,127.0664
1473,37.6156,127.0659
1474,37.6161,127.0662
1475,37.6163,127.0659
1476,37.6152,127.066
1477,37.6227,127.066
1478,37.626,127.0704
1479,37.6274,127.0711
1480,37.6265,127.071
1481,37.6262,127.0712
1482,37.625,127.0713
1483,37.6255,127.0724
1484,37.6281,127.0725
1485,37.6279,127.0733
1486,37.6281,127.0721
1487,37.6284,127.0735
1488,37.6283,127.0741
1489,37.6282,127.0739
1490,37.6371,127.1108
1491,37.6375,127.1112
1492,37.6377,127.1117
1493,37.6376,127.1113
1494,37.6207,127.0826
1495,37.6588,127.0683
1496,37.6583,127.0676
1497,37.658,127.0674
1498,37.6577,127.0673
1499,37.6578,127.0667
1500,37.6592,127.0675
1501,37.6588,127.0673
1502,37.6544,127.0705
1503,37.655,127.0698
1504,37.6536,127.0709
1505,37.6535,127.0705
1506,37.6519,127.0698
1507,37.6553,127.0709
1508,37.6553,127.0709
1509,37.6554,127.0701
1510,37.654,127.0698
1511,37.673,127.0843
1512,37.6728,127.0842
1513,37.6721,127.0847
1514,37.6715,127.0832
1515,37.672,127.0835
1516,37.6727,127.0845
1517,37.6721,127.084
1518,37.6718,127.0842
1519,37.6717,127.0844
1520,37.6714,127.0839
1521,37.6716,127.0818
1522,37.6712,127.0812
1523,37.6711,127.0827
1524,37.6711,127.0827
1525,37.6711,127.0827
1526,37.6711,127.0827
1527,37.6711,127.0827
1528,37.671,127.0835
1529,37.6712,127.0842
1530,37.6708,127.0846
1531,37.6707,127.0846
1532,37.6704,127.084
1533,37.67,127.0846
1534,37.6711,127.0812
1535,37.671,127.0811
1536,37.6708,127.081
1537,37.6715,127.0835
1538,37.6706,127.0845
1539,37.6699,127.0844
1540,37.6673,127.0709
1541,37.6668,127.0701
1542,37.6662,127.0704
1543,37.6669,127.0695
1544,37.6672,127.0699
1545,37.667,127.0697
1546,37.6665,127.0699
1547,37.6664,127.0702
1548,37.6664,127.0702
1549,37.6656,127.0698
1550,37.6652,127.0705
1551,37.6645,127.0733
1552,37.6643,127.0739
1553,37.6651,127.0729
1554,37.6644,127.073
1555,37.6644,127.0731
1556,37.6641,127.0726
1557,37.6641,127.0726
1558,37.6617,127.0673
1559,37.6463,127.0743
1560,37.6405,127.0841
1561,37.6369,127.0731
1562,37.6204,127.0722
1563,37.6232,127.0759
1564,37.6241,127.0778
1565,37.6758,127.0826
1566,37.6751,127.0833
1567,37.6751,127.0851
1568,37.6745,127.0842
1569,37.6729,127.0825
1570,37.6737,127.0789
1571,37.6728,127.0799
1572,37.6726,127.0794
1573,37.6722,127.0805
1574,37.672,127.0783
1575,37.6708,127.0782
1576,37.6701,127.0801
1577,37.6701,127.0795
1578,37.6683,127.0791
1579,37.6678,127.078
1580,37.6682,127.0777
1581,37.6661,127.0769
1582,37.6437,127.0851
1583,37.6439,127.0855
1584,37.6445,127.0883
1585,37.6434,127.0866
1586,37.6434,127.0866
1587,37.6421,127.0867
1588,37.6411,127.0871
1589,37.642,127.0854
1590,37.6412,127.0847
1591,37.6412,127.0837
1592,37.6215,127.0815
1593,37.6214,127.0825
1594,37.674,127.0523
1595,37.6741,127.0529
1596,37.6305,127.0452
1597,37.6731,127.0783
1598,37.6813,127.0524
1599,37.6813,127.0524
1600,37.6803,127.0521
1601,37.6803,127.0521
1602,37.6219,127.0769
1603,37.6699,127.077
1604,37.6802,127.0571
1605,37.6784,127.0571
1606,37.6681,127.0644
1607,37.6678,127.0695
1608,37.6732,127.0816
1609,37.6621,127.0668
1610,37.637,127.0776
1611,37.6156,127.065
1612,37.6164,127.064
1613,37.6239,127.0717
1614,37.6219,127.073
1615,37.6212,127.0753
1616,37.6204,127.079
1617,37.6222,127.078
1618,37.6237,127.0797
1619,37.6232,127.0808
1620,37.6741,127.0818
1621,37.6741,127.0824
1622,37.6356,127.0724
1623,37.6636,127.0738
1624,37.66,127.0769
1625,37.6202,127.0767
1626,37.6444,127.0839
1627,37.6281,127.0865
1628,37.671,127.0763
1629,37.6687,127.0792
1630,37.658,127.0716
1631,37.6867,127.0521
1632,37.6576,127.0621
1633,37.66,127.0746
1634,37.66,127.0746
1635,37.66,127.0746
1636,37.66,127.0746
1637,37.6829,127.0578
1638,37.6713,127.0807
1639,37.6734,127.0555
1640,37.6734,127.0554
1641,37.6733,127.0555
1642,37.6733,127.0554
1643,37.6734,127.0556
1644,37.6733,127.0556
1645,37.65,127.0618
1646,37.65,127.0616
1647,37.65,127.0618
1648,37.6501,127.0619
1649,37.65,127.0619
1650,37.6499,127.0616
1651,37.65,127.0616
1652,37.6219,127.0767
1653,37.6221,127.0769
1654,37.6572,127.0686
1655,37.6583,127.0769
1656,37.6691,127.083
1657,37.6691,127.083
1658,37.6749,127.083
1659,37.6701,127.0782
1660,37.6662,127.0718
1661,37.6662,127.0718
1662,37.6662,127.0718
1663,37.6629,127.0737
1664,37.664,127.0662
1665,37.6768,127.0567
1666,37.6788,127.0546
1667,37.6728,127.0523
1668,37.636,127.0721
1669,37.6358,127.0717
1670,37.6257,127.0806
1671,37.6161,127.0629
1672,37.6243,127.06
1673,37.6429,127.052
1674,37.642,127.0525
1675,37.6416,127.0527
1676,37.6708,127.0774
1677,37.6757,127.057
1678,37.6754,127.0558
1679,37.6755,127.0548
1680,37.6748,127.0526
1681,37.6747,127.0515
1682,37.6737,127.0506
1683,37.6771,127.0517
1684,37.6273,127.0712
1685,37.626,127.0719
1686,37.6271,127.0708
1687,37.6273,127.075
1688,37.628,127.0733
1689,37.628,127.0733
1690,37.6268,127.0737
1691,37.6268,127.0737
1692,37.6268,127.0737
1693,37.6268,127.0737
1694,37.6753,127.0534
1695,37.6576,127.0741
1696,37.6673,127.0694
1697,37.6739,127.0846
1698,37.6644,127.0667
1699,37.6203,127.0772
1700,37.6203,127.0772
1701,37.6231,127.0752
1702,37.619,127.0562
1703,37.6729,127.0564
1704,37.6392,127.0524
1705,37.64,127.0545
1706,37.64,127.0545
1707,37.6357,127.0525
1708,37.6174,127.0585
1709,37.6174,127.0585
1710,37.6697,127.0817
1711,37.6567,127.0629
1712,37.6567,127.0629
1713,37.6562,127.0625
1714,37.6562,127.0625
1715,37.6559,127.0632
1716,37.6559,127.0632
1717,37.6559,127.0632
1718,37.6564,127.0641
1719,37.6564,127.0641
1720,37.6564,127.0658
1721,37.6564,127.0658
1722,37.6603,127.0739
1723,37.6601,127.0743
1724,37.6603,127.0739
1725,37.6603,127.0739
1726,37.6547,127.0631
1727,37.6547,127.0631
1728,37.6547,127.0631
1729,37.6547,127.0631
1730,37.624,127.0601
1731,37.6212,127.061
1732,37.6235,127.075
1733,37.6228,127.0753
1734,37.6229,127.0744
1735,37.6447,127.0842
1736,37.6558,127.0688
1737,37.6565,127.0695
1738,37.6715,127.0854
1739,37.6709,127.085
1740,37.6683,127.08
1741,37.6682,127.08
1742,37.6651,127.0709
1743,37.657,127.0687
1744,37.6568,127.0689
1745,37.6741,127.0818
1746,37.6563,127.0673
1747,37.6566,127.0719
1748,37.6716,127.0794
1749,37.6609,127.0683
1750,37.6205,127.0752
1751,37.6785,127.0535
1752,37.6785,127.0535
1753,37.6785,127.0535
1754,37.6149,127.0651
1755,37.6154,127.0648
1756,37.6758,127.085
1757,37.6317,127.0577
1758,37.6699,127.0774
1759,37.6749,127.0523
1760,37.6156,127.0624
1761,37.6615,127.0664
1762,37.6267,127.0716
1763,37.6587,127.0682
1764,37.6371,127.0771
1765,37.6773,127.0557
1766,37.6291,127.0551
1767,37.6291,127.0551
1768,37.6291,127.0551
1769,37.6244,127.0796
1770,37.6244,127.0796
1771,37.6244,127.0796
1772,37.6244,127.0796
1773,37.6232,127.0803
1774,37.6245,127.0717
1775,37.6692,127.0815
1776,37.6647,127.0695
1777,37.6644,127.0703
1778,37.6641,127.0687
1779,37.6631,127.0689
1780,37.6616,127.0707
1781,37.6368,127.0798
1782,37.6396,127.0514
1783,37.6232,127.0899
1784,37.6224,127.0883
1785,37.6221,127.0874
1786,37.674,127.0791
1787,37.6247,127.0775
1788,37.6159,127.0623
1789,37.6203,127.074
1790,37.645,127.0825
1791,37.6375,127.0629
1792,37.6375,127.0629
1793,37.6441,127.0619
1794,37.6589,127.0656
1795,37.6534,127.0692
1796,37.6599,127.0673
1797,37.6572,127.062
1798,37.6572,127.062
1799,37.6766,127.0543
1800,37.6613,127.0701
1801,37.6635,127.0696
1802,37.6661,127.068
1803,37.6654,127.0702
1804,37.6658,127.0663
1805,37.6663,127.0795
1806,37.666,127.0575
1807,37.6659,127.0573
1808,37.666,127.0577
1809,37.6279,127.0642
1810,37.6279,127.0632
1811,37.6279,127.0632
1812,37.6279,127.0632
1813,37.6294,127.099
1814,37.6221,127.0584
1815,37.6221,127.0584
1816,37.6229,127.0562
1817,37.6232,127.0542
1818,37.6758,127.0573
1819,37.6741,127.0611
1820,37.6757,127.0539
1821,37.6757,127.0539
1822,37.6586,127.068
1823,37.6543,127.0695
1824,37.6706,127.0811
1825,37.6643,127.0719
1826,37.664,127.0736
1827,37.6724,127.0524
1828,37.6212,127.0574
1829,37.6174,127.0722
1830,37.6247,127.0782
1831,37.6703,127.0805
1832,37.6619,127.0752
1833,37.6606,127.0734
1834,37.6606,127.0734
1835,37.6606,127.0734
1836,37.6606,127.0734
1837,37.6756,127.0574
1838,37.6599,127.0678
1839,37.6534,127.0607
1840,37.6534,127.0607
1841,37.6534,127.0607
1842,37.6559,127.0652
1843,37.6559,127.0652
1844,37.6559,127.0652
1845,37.6578,127.0614
1846,37.6578,127.0614
1847,37.6277,127.0779
1848,37.6277,127.0779
1849,37.6277,127.0779
1850,37.6597,127.0754
1851,37.6597,127.0754
1852,37.6597,127.0754
1853,37.6626,127.076
1854,37.6626,127.076
1855,37.6707,127.0803
1856,37.6707,127.0803
1857,37.6506,127.0765
1858,37.6506,127.0765
1859,37.6506,127.0765
1860,37.6506,127.0765
1861,37.6476,127.0768
1862,37.6476,127.0768
1863,37.6476,127.0768
1864,37.6476,127.0768
1865,37.6476,127.0768
1866,37.6211,127.0834
1867,37.6211,127.0834
1868,37.6211,127.0834
1869,37.6243,127.0531
1870,37.6243,127.0531
1871,37.6299,127.0763
1872,37.6178,127.0753
1873,37.6178,127.0753
1874,37.6178,127.0753
1875,37.6178,127.0753
1876,37.6178,127.0753
1877,37.6291,127.0715
1878,37.6291,127.0715
1879,37.6712,127.0752
1880,37.6712,127.0752
1881,37.6208,127.0669
1882,37.6208,127.0669
1883,37.6756,127.0795
1884,37.6362,127.0726
1885,37.6369,127.0736
1886,37.6597,127.0626
1887,37.6597,127.0626
1888,37.6597,127.0626
1889,37.6597,127.0626
1890,37.6271,127.0787
1891,37.6704,127.0849
1892,37.6165,127.0597
1893,37.6165,127.0597
1894,37.6165,127.0597
1895,37.6248,127.0765
1896,37.6257,127.0713
1897,37.6518,127.0815
1898,37.6395,127.0762
1899,37.6659,127.0773
1900,37.62,127.0882
1901,37.6171,127.0651
1902,37.6544,127.0564
1903,37.6538,127.0602
1904,37.6538,127.0602
1905,37.6729,127.0832
1906,37.6576,127.0723
1907,37.6576,127.0723
1908,37.6282,127.0759
1909,37.6305,127.0628
1910,37.6383,127.0589
1911,37.6544,127.0571
1912,37.6548,127.0572
1913,37.6545,127.0572
1914,37.6545,127.0572
1915,37.6389,127.0655
1916,37.6389,127.0658
1917,37.655,127.0829
1918,37.655,127.0829
1919,37.6287,127.0453
1920,37.6287,127.0453
1921,37.6287,127.0453
1922,37.6689,127.0477
1923,37.6689,127.0477
1924,37.6689,127.0477
1925,37.6209,127.054
1926,37.6209,127.054
1927,37.6209,127.054
1928,37.6456,127.0615
1929,37.6737,127.0553
1930,37.6737,127.0553
1931,37.6722,127.054
1932,37.6722,127.054
1933,37.671,127.0524
1934,37.671,127.0524
1935,37.6703,127.0555
1936,37.6703,127.0555
1937,37.6674,127.0568
1938,37.6674,127.0568
1939,37.6546,127.0794
1940,37.6792,127.0521
1941,37.6792,127.0521
1942,37.6766,127.0516
1943,37.6766,127.0516
1944,37.6613,127.0656
1945,37.6613,127.0656
1946,37.6369,127.0762
1947,37.6369,127.0762
1948,37.6496,127.0808
1949,37.6496,127.0808
1950,37.622,127.0733
1951,37.622,127.0733
1952,37.6472,127.0741
1953,37.6472,127.0741
1954,37.6728,127.0572
1955,37.6728,127.0572
1956,37.6728,127.0572
1957,37.6263,127.0794
1958,37.6263,127.0794
1959,37.6617,127.069
1960,37.6617,127.0689
1961,37.6481,127.0578
1962,37.6481,127.0578
1963,37.6222,127.0831
1964,37.6222,127.0831
1965,37.6422,127.0699
1966,37.6422,127.0699
1967,37.652,127.0641
1968,37.652,127.0641
1969,37.6382,127.0647
1970,37.6382,127.0647
1971,37.6285,127.0696
1972,37.6298,127.0523
1973,37.6298,127.0523
1974,37.6298,127.0523
1975,37.6621,127.0686
1976,37.6621,127.0686
1977,37.6621,127.0686
1978,37.6621,127.0686
1979,37.6689,127.0808
1980,37.6689,127.0808
1981,37.6689,127.0808
1982,37.6689,127.0808
1983,37.6206,127.0625
1984,37.6183,127.0591
1985,37.6344,127.0586
1986,37.6324,127.0508
1987,37.6324,127.0508
1988,37.6214,127.0695
1989,37.6214,127.0695
1990,37.6214,127.0695
1991,37.6282,127.0645
1992,37.6273,127.075
1993,37.6273,127.075
1994,37.6273,127.075
1995,37.6197,127.0741
1996,37.6197,127.0741
1997,37.6197,127.0741
1998,37.6197,127.0741
1999,37.6293,127.0734
2000,37.6255,127.0704
2001,37.624,127.0905
2002,37.6343,127.0726
2003,37.6391,127.0705
2004,37.641,127.0765
2005,37.6372,127.0612
2006,37.6469,127.0805
2007,37.6451,127.0616
2008,37.6396,127.0606
2009,37.6714,127.0575
2010,37.6738,127.0545
2011,37.6719,127.0517
2012,37.6848,127.0552
2013,37.6852,127.0553
2014,37.6851,127.0553
2015,37.6588,127.0641
2016,37.6582,127.0663
2017,37.6582,127.0663
2018,37.6582,127.0663
2019,37.6658,127.0788
2020,37.6678,127.0806
2021,37.6678,127.0806
2022,37.6678,127.0806
2023,37.661,127.0617
2024,37.6524,127.0772
2025,37.6511,127.0762
2026,37.651,127.0781
2027,37.6489,127.0761
2028,37.6493,127.0772
2029,37.6647,127.0583
2030,37.6647,127.0583
2031,37.6552,127.0724
2032,37.6684,127.0601
2033,37.6684,127.0601
2034,37.6684,127.0601
2035,37.6684,127.0601
2036,37.643,127.0625
2037,37.643,127.0625
2038,37.643,127.0625
2039,37.6325,127.0525
2040,37.6461,127.0664
2041,37.6569,127.078
2042,37.6243,127.0822
2043,37.6517,127.0619
2044,37.6252,127.0735
2045,37.6493,127.0629
2046,37.6609,127.0788
2047,37.6645,127.0785
2048,37.6337,127.072
2049,37.6337,127.072
2050,37.6337,127.072
2051,37.6337,127.072
2052,37.6298,127.0443
2053,37.6324,127.0427
2054,37.6324,127.0427
2055,37.672,127.058
2056,37.6724,127.0595
2057,37.6749,127.0581
2058,37.6822,127.0553
2059,37.6698,127.0522
2060,37.6626,127.0692
2061,37.6626,127.0692
2062,37.6626,127.0692
2063,37.6578,127.0678
2064,37.6696,127.0782
2065,37.6696,127.0782
2066,37.6696,127.0782
2067,37.6696,127.0782
2068,37.6722,127.0831
2069,37.6685,127.0816
2070,37.6557,127.0703
2071,37.6459,127.0602
2072,37.6437,127.065
2073,37.6532,127.0579
2074,37.6532,127.0579
2075,37.6532,127.0579
2076,37.6532,127.0579
2077,37.6516,127.0728
2078,37.6527,127.0782
2079,37.6464,127.0816
2080,37.6496,127.0838
2081,37.645,127.0696
2082,37.645,127.0696
2083,37.6392,127.0696
2084,37.6354,127.0724
2085,37.6334,127.0667
2086,37.6309,127.0737
2087,37.6267,127.0754
2088,37.6234,127.0854
2089,37.6259,127.0914
2090,37.6204,127.0614
2091,37.6204,127.0614
2092,37.6211,127.0592
2093,37.6191,127.0579
2094,37.6298,127.051
2095,37.6298,127.051
2096,37.6298,127.051
2097,37.6298,127.051
2098,37.6342,127.0593
2099,37.6328,127.0587
2100,37.6285,127.063
2101,37.6671,127.0616
2102,37.6674,127.0535
2103,37.6315,127.0418
2104,37.6335,127.0713
2105,37.6629,127.0669
2106,37.6629,127.0669
2107,37.6186,127.0746
2108,37.6262,127.074
2109,37.6262,127.074
2110,37.6262,127.074
2111,37.6737,127.0583
2112,37.6723,127.0547
2113,37.6484,127.0593
2114,37.6668,127.0809
2115,37.6643,127.0552
2116,37.6643,127.0552
2117,37.6507,127.0803
2118,37.671,127.0524
2119,37.6594,127.0653
2120,37.6626,127.0619
2121,37.6626,127.0619
2122,37.648,127.068
2123,37.648,127.068
2124,37.6523,127.0654
2125,37.6523,127.0654
2126,37.6678,127.0606
2127,37.6678,127.0606
2128,37.6592,127.0579
2129,37.6455,127.0583
2130,37.6455,127.0583
2131,37.6182,127.0575
2132,37.6182,127.0575
2133,37.6182,127.0575
2134,37.6182,127.0575
2135,37.6182,127.0575
2136,37.6843,127.0553
2137,37.6478,127.0812
2138,37.6299,127.054
2139,37.6299,127.054
2140,37.6299,127.054
2141,37.6299,127.054
2142,37.6676,127.0764
2143,37.6676,127.0764
2144,37.6333,127.0593
2145,37.6333,127.0593
2146,37.6345,127.072
2147,37.667,127.0664
2148,37.641,127.0702
2149,37.641,127.0702
2150,37.641,127.0702
2151,37.641,127.0702
2152,37.641,127.0702
2153,37.6292,127.0684
2154,37.6547,127.0759
2155,37.6281,127.0504
2156,37.6281,127.0504
2157,37.6281,127.0504
2158,37.6507,127.0738
2159,37.6574,127.0724
2160,37.6433,127.0635
2161,37.6367,127.0651
2162,37.6367,127.0651
2163,37.6317,127.0675
2164,37.6443,127.0673
2165,37.6652,127.0611
2166,37.641,127.1113
2167,37.6252,127.0902
2168,37.6252,127.0902
2169,37.6252,127.0902
2170,37.6252,127.0902
2171,37.6217,127.085
2172,37.6199,127.0697
2173,37.6259,127.0942
2174,37.6259,127.0942
2175,37.6259,127.0942
2176,37.6259,127.0942
2177,37.6737,127.0553
2178,37.6739,127.0552
2179,37.673,127.0554
2180,37.6322,127.0673
2181,37.6323,127.0602
2182,37.6323,127.0602
2183,37.6313,127.051
2184,37.6313,127.051
2185,37.6313,127.051
2186,37.6442,127.074
2187,37.6442,127.074
2188,37.6442,127.074
2189,37.6442,127.074
2190,37.645,127.0667
2191,37.6513,127.0813
2192,37.6513,127.0813
2193,37.6513,127.0813
2194,37.6528,127.0677
2195,37.6528,127.0677
2196,37.6528,127.0677
2197,37.6528,127.0677
2198,37.6528,127.0677
2199,37.6219,127.0727
2200,37.6544,127.0564
2201,37.617,127.0747
2202,37.617,127.0748
2203,37.617,127.0748
2204,37.617,127.0748
2205,37.617,127.0748
2206,37.617,127.0748
2207,37.6576,127.0719
2208,37.6575,127.0719
2209,37.6573,127.0718
2210,37.6549,127.0723
2211,37.6549,127.0723
2212,37.6504,127.0689
2213,37.6502,127.0685
2214,37.6485,127.0654
2215,37.6467,127.0639
2216,37.6397,127.0603
2217,37.6384,127.0589
2218,37.6384,127.0589
2219,37.6384,127.0589
2220,37.6152,127.0636
2221,37.6152,127.064
2222,37.6146,127.0653
2223,37.6147,127.0659
2224,37.6147,127.0664
2225,37.6625,127.0756
2226,37.6625,127.0756
2227,37.6618,127.0748
2228,37.6609,127.0736
2229,37.661,127.0736
2230,37.6604,127.0732
2231,37.6604,127.073
2232,37.6588,127.0721
2233,37.6582,127.0721
2234,37.6203,127.0873
2235,37.6166,127.0747
2236,37.6165,127.0745
2237,37.6672,127.0501
2238,37.6673,127.0502
2239,37.6674,127.0507
2240,37.6674,127.0507
2241,37.6675,127.0506
2242,37.6672,127.05
2243,37.6672,127.0502
2244,37.6405,127.0536
2245,37.6383,127.0587
2246,37.6157,127.0645
2247,37.6344,127.0586
2248,37.631,127.0426
2249,37.631,127.0426
2250,37.6303,127.0436
2251,37.6286,127.0456
2252,37.6287,127.0455
2253,37.6286,127.0457
2254,37.6275,127.0477
2255,37.6275,127.0478
2256,37.626,127.049
2257,37.6248,127.05
2258,37.6247,127.0501
2259,37.6249,127.0499
2260,37.622,127.0525
2261,37.622,127.0525
2262,37.6198,127.055
2263,37.6199,127.0549
2264,37.6189,127.0563
2265,37.6168,127.059
2266,37.6168,127.0591
2267,37.6152,127.0624
2268,37.6178,127.0788
2269,37.6164,127.0735
2270,37.6212,127.09
2271,37.6212,127.09
2272,37.6203,127.0878
2273,37.6203,127.0853
2274,37.6204,127.0854
2275,37.6201,127.0843
2276,37.6182,127.0786
2277,37.6185,127.0797
2278,37.6184,127.0796
2279,37.6178,127.0776
2280,37.6173,127.0755
2281,37.6172,127.0753
2282,37.6167,127.0739
2283,37.6164,127.0724
2284,37.6462,127.0567
2285,37.6468,127.0563
2286,37.6169,127.0742
2287,37.6526,127.0546
2288,37.6525,127.0549
2289,37.6203,127.0873
2290,37.6861,127.0518
2291,37.628,127.0468
2292,37.6625,127.0756
2293,37.6614,127.0743
2294,37.6596,127.0723
2295,37.6555,127.0723
2296,37.6525,127.0711
2297,37.6527,127.0708
2298,37.6508,127.0689
2299,37.6502,127.0683
2300,37.6487,127.0655
2301,37.6468,127.064
2302,37.6503,127.0676
2303,37.6497,127.0658
2304,37.6497,127.0658
2305,37.6485,127.0649
2306,37.6473,127.0638
2307,37.6466,127.063
2308,37.6426,127.0612
2309,37.6399,127.0606
2310,37.6441,127.0609
2311,37.6408,127.0604
2312,37.6576,127.0723
2313,37.6548,127.0723
2314,37.6497,127.0658
2315,37.641,127.0609
2316,37.6433,127.0609
2317,37.6416,127.0607
2318,37.641,127.0609
2319,37.6735,127.0501
2320,37.6397,127.06
2321,37.6456,127.0615
2322,37.6456,127.0615
2323,37.6541,127.0718
2324,37.6541,127.0718
2325,37.6222,127.0911
2326,37.6529,127.0549
2327,37.6533,127.0549
2328,37.6507,127.0548
2329,37.6492,127.0552
2330,37.648,127.0557
2331,37.6458,127.0564
2332,37.6454,127.0564
2333,37.662,127.0522
2334,37.6616,127.0523
2335,37.679,127.0515
2336,37.6492,127.0552
2337,37.6485,127.0654
2338,37.6387,127.0594
2339,37.6865,127.0516
2340,37.6647,127.0518
2341,37.6354,127.0599
2342,37.635,127.0595
2343,37.6185,127.0745
2344,37.6195,127.0735
2345,37.627,127.0791
2346,37.6211,127.0834
2347,37.6291,127.0715
2348,37.6394,127.0694
2349,37.6506,127.0765
2350,37.6527,127.0782
2351,37.6408,127.0644
2352,37.6417,127.0673
2353,37.6596,127.0727
2354,37.6592,127.0733
2355,37.6476,127.0768
2356,37.6551,127.0636
2357,37.6659,127.0776
2358,37.6542,127.0594
2359,37.6534,127.0607
2360,37.6544,127.0618
2361,37.6547,127.0631
2362,37.6613,127.0656
2363,37.6559,127.0652
2364,37.6703,127.0809
2365,37.6231,127.0809
2366,37.6256,127.0798
2367,37.6229,127.0602
2368,37.6437,127.065
2369,37.6189,127.077
2370,37.6577,127.0658
2371,37.6299,127.0763
2372,37.6401,127.0729
2373,37.6536,127.0738
2374,37.6324,127.0508
2375,37.6223,127.0792
2376,37.6356,127.073
2377,37.6516,127.0728
2378,37.6728,127.0572
2379,37.6211,127.0592
2380,37.6386,127.0754
2381,37.6178,127.0753
2382,37.6744,127.0595
2383,37.6496,127.0673
2384,37.6674,127.0568
2385,37.6353,127.0713
2386,37.6277,127.0779
2387,37.6673,127.0789
2388,37.6578,127.0614
2389,37.6613,127.0584
2390,37.621,127.0743
2391,37.6235,127.0739
2392,37.6643,127.066
2393,37.6382,127.0647
2394,37.6626,127.076
2395,37.6288,127.0686
2396,37.6506,127.0811
2397,37.615,127.0647
2398,37.615,127.0647
2399,37.615,127.0647
2400,37.627,127.0767
2401,37.627,127.0767
2402,37.627,127.0767
2403,37.6581,127.0728
2404,37.6581,127.0728
2405,37.6581,127.0728
2406,37.6404,127.068
2407,37.6547,127.0759
2408,37.6314,127.0611
2409,37.6314,127.0611
2410,37.6314,127.0611
2411,37.6224,127.0868
2412,37.6224,127.0868
2413,37.6224,127.0868
2414,37.6278,127.0499
2415,37.6278,127.0499
2416,37.6278,127.0499
2417,37.6436,127.073
2418,37.6436,127.073
2419,37.6436,127.073
2420,37.6443,127.0673
2421,37.6519,127.0781
2422,37.6247,127.089
2423,37.6247,127.089
2424,37.6247,127.089
2425,37.6441,127.0607
2426,37.6293,127.0566
2427,37.6596,127.0744
2428,37.6776,127.0543
2429,37.6689,127.0799
2430,37.667,127.0664
2431,37.6343,127.0726
2432,37.6647,127.0583
2433,37.657,127.0739
2434,37.6684,127.0601
2435,37.643,127.0625
2436,37.6461,127.0664
2437,37.6569,127.078
2438,37.6243,127.0822
2439,37.652,127.0641
2440,37.6252,127.0735
2441,37.6493,127.0629
2442,37.6609,127.0788
2443,37.6645,127.0785
2444,37.6298,127.0443
2445,37.6749,127.0581
2446,37.6822,127.0553
2447,37.6652,127.0611
2448,37.6626,127.0692
2449,37.6696,127.0782
2450,37.6722,127.0831
2451,37.6484,127.0593
2452,37.6532,127.0579
2453,37.6267,127.0754
2454,37.6234,127.0854
2455,37.6259,127.0914
2456,37.6191,127.0579
2457,37.6298,127.051
2458,37.6707,127.0803
2459,37.6457,127.0822
2460,37.6563,127.0632
2461,37.6563,127.0631
2462,37.6597,127.0754
2463,37.6668,127.0809
2464,37.6583,127.0743
2465,37.6583,127.0743
2466,37.6559,127.0736
2467,37.6565,127.0644
2468,37.6566,127.0644
2469,37.634,127.052
2470,37.6357,127.0525
2471,37.6643,127.0552
2472,37.6583,127.0769
2473,37.6446,127.075
2474,37.6756,127.0566
2475,37.6784,127.0535
2476,37.6738,127.0545
2477,37.674,127.0611
2478,37.6494,127.0808
2479,37.6289,127.076
2480,37.6579,127.0753
2481,37.6307,127.071
2482,37.6284,127.0505
2483,37.6599,127.0652
2484,37.6722,127.054
2485,37.6613,127.0584
2486,37.6648,127.0738
2487,37.6508,127.0754
2488,37.6481,127.0653
2489,37.6455,127.0642
2490,37.6323,127.0569
2491,37.6678,127.0806
2492,37.6585,127.0721
2493,37.6627,127.0684
2494,37.6627,127.0684
2495,37.6627,127.0684
2496,37.6627,127.0684
2497,37.6189,127.0745
2498,37.6273,127.0743
2499,37.673,127.0584
2500,37.673,127.0584
2501,37.673,127.0584
2502,37.6732,127.0549
2503,37.6732,127.0549
2504,37.6732,127.0549
2505,37.6732,127.0549
2506,37.6286,127.0636
2507,37.6286,127.0636
2508,37.6286,127.0636
2509,37.6486,127.0585
2510,37.6486,127.0585
2511,37.6486,127.0585
2512,37.6486,127.0585
2513,37.6666,127.0815
2514,37.6666,127.0815
2515,37.6666,127.0815
2516,37.6666,127.0815
2517,37.6666,127.0815
2518,37.6666,127.0815
2519,37.6648,127.0542
2520,37.6513,127.0808
2521,37.6513,127.0808
2522,37.6513,127.0808
2523,37.6513,127.0808
2524,37.6513,127.0808
2525,37.6705,127.0517
2526,37.6705,127.0517
2527,37.6706,127.0517
2528,37.6706,127.0517
2529,37.6593,127.0666
2530,37.6593,127.0666
2531,37.6593,127.0666
2532,37.6593,127.0666
2533,37.6628,127.063
2534,37.6628,127.063
2535,37.6487,127.0673
2536,37.6487,127.0673
2537,37.6487,127.0673
2538,37.6487,127.0673
2539,37.6487,127.0673
2540,37.6487,127.0673
2541,37.652,127.0642
2542,37.652,127.0642
2543,37.652,127.0642
2544,37.652,127.0642
2545,37.652,127.0642
2546,37.652,127.0642
2547,37.652,127.0642
2548,37.652,127.0642
2549,37.652,127.0642
2550,37.652,127.0642
2551,37.652,127.0642
2552,37.652,127.0642
2553,37.6677,127.0597
2554,37.6677,127.0597
2555,37.6677,127.0597
2556,37.6586,127.057
2557,37.6586,127.057
2558,37.6586,127.057
2559,37.6586,127.057
2560,37.6463,127.0578
2561,37.6463,127.0578
2562,37.6463,127.0578
2563,37.6463,127.0578
2564,37.6463,127.0578
2565,37.6463,127.0578
2566,37.6463,127.0578
2567,37.6463,127.0578
2568,37.6463,127.0578
2569,37.6463,127.0578
2570,37.6187,127.0578
2571,37.6187,127.0578
2572,37.6187,127.0578
2573,37.6187,127.0578
2574,37.6845,127.0552
2575,37.6845,127.0552
2576,37.6845,127.0552
2577,37.6845,127.0552
2578,37.6477,127.0815
2579,37.6477,127.0815
2580,37.6477,127.0815
2581,37.6477,127.0815
2582,37.6304,127.053
2583,37.6304,127.053
2584,37.6304,127.053
2585,37.6304,127.053
2586,37.6674,127.0757
2587,37.6674,127.0758
2588,37.6674,127.0757
2589,37.6674,127.0757
2590,37.6337,127.06
2591,37.6337,127.06
2592,37.6337,127.06
2593,37.6337,127.06
2594,37.6354,127.0733
2595,37.6675,127.0659
2596,37.6675,127.0659
2597,37.6675,127.0659
2598,37.6675,127.0659
2599,37.6675,127.0659
2600,37.6675,127.0659
2601,37.6421,127.0697
2602,37.6421,127.0697
2603,37.6421,127.0697
2604,37.6299,127.0689
2605,37.6542,127.0751
2606,37.6542,127.0751
2607,37.6542,127.0751
2608,37.6542,127.0751
2609,37.6279,127.0507
2610,37.6279,127.0507
2611,37.6279,127.0507
2612,37.6279,127.0507
2613,37.6279,127.0507
2614,37.6506,127.0731
2615,37.658,127.0729
2616,37.658,127.0729
2617,37.658,127.073
2618,37.658,127.0729
2619,37.6439,127.0625
2620,37.6439,127.0625
2621,37.6439,127.0625
2622,37.6439,127.0625
2623,37.6378,127.0644
2624,37.6379,127.0644
2625,37.6378,127.0644
2626,37.6378,127.0644
2627,37.6326,127.0665
2628,37.6326,127.0665
2629,37.6326,127.0665
2630,37.6447,127.0668
2631,37.6447,127.0668
2632,37.6447,127.0668
2633,37.6447,127.0668
2634,37.6656,127.061
2635,37.6656,127.061
2636,37.6656,127.061
2637,37.6656,127.061
2638,37.6423,127.1107
2639,37.6423,127.1107
2640,37.6423,127.1107
2641,37.6423,127.1107
2642,37.6263,127.0906
2643,37.6263,127.0906
2644,37.6263,127.0906
2645,37.623,127.0854
2646,37.623,127.0854
2647,37.6205,127.0689
2648,37.6205,127.0689
2649,37.6205,127.0688
2650,37.6205,127.0689
2651,37.6282,127.0939
2652,37.6282,127.0939
2653,37.6282,127.0939
2654,37.6282,127.0939
0,37.6696,127.0443
1,37.6673,127.0335
2,37.6492,127.0353
3,37.6492,127.0353
4,37.6492,127.0353
5,37.6478,127.0345
6,37.6478,127.0345
7,37.6478,127.0345
8,37.649,127.0322
9,37.6487,127.0297
10,37.6481,127.0318
11,37.6496,127.0308
12,37.6684,127.0302
13,37.6678,127.0309
14,37.6686,127.0312
15,37.6704,127.0334
16,37.6722,127.0445
17,37.6708,127.0398
18,37.6871,127.0411
19,37.6871,127.0411
20,37.6529,127.0459
21,37.6529,127.0459
22,37.6529,127.0459
23,37.6516,127.0138
24,37.6516,127.0138
25,37.6535,127.0488
26,37.6536,127.0494
27,37.6581,127.0329
28,37.6581,127.0329
29,37.6594,127.0349
30,37.6594,127.0349
31,37.659,127.0419
32,37.659,127.0419
33,37.6571,127.038
34,37.6571,127.038
35,37.6462,127.0344
36,37.6462,127.0344
37,37.6555,127.0407
38,37.6516,127.0465
39,37.6516,127.0465
40,37.6516,127.0465
41,37.6516,127.0465
42,37.6554,127.0499
43,37.6554,127.0499
44,37.6554,127.0499
45,37.6554,127.0499
46,37.6744,127.0468
47,37.6556,127.0159
48,37.6467,127.0325
49,37.6695,127.045
50,37.667,127.0442
51,37.667,127.0442
52,37.667,127.0442
53,37.6692,127.048
54,37.6893,127.042
55,37.6893,127.042
56,37.6893,127.042
57,37.6374,127.038
58,37.6538,127.0451
59,37.6538,127.0451
60,37.6538,127.0451
61,37.6466,127.033
62,37.6466,127.033
63,37.645,127.0281
64,37.645,127.0281
65,37.645,127.0281
66,37.645,127.0281
67,37.6616,127.0349
68,37.6469,127.0403
69,37.6528,127.0466
70,37.6911,127.0492
71,37.6463,127.0269
72,37.6463,127.0269
73,37.6712,127.0466
74,37.6535,127.041
75,37.6535,127.041
76,37.6355,127.042
77,37.6355,127.042
78,37.6355,127.042
79,37.6646,127.0359
80,37.6646,127.0359
81,37.6646,127.0359
82,37.6742,127.0461
83,37.6742,127.0461
84,37.6742,127.0461
85,37.6833,127.0465
86,37.6833,127.0465
87,37.6833,127.0465
88,37.6465,127.0393
89,37.6465,127.0393
90,37.6465,127.0393
91,37.6465,127.0393
92,37.6465,127.0393
93,37.6322,127.0423
94,37.6322,127.0423
95,37.6322,127.0423
96,37.6322,127.0423
97,37.6481,127.0527
98,37.6481,127.0527
99,37.6481,127.0527
100,37.6481,127.0527
101,37.6788,127.0388
102,37.6788,127.0388
103,37.6643,127.0486
104,37.6892,127.0468
105,37.6556,127.0437
106,37.6839,127.0458
107,37.6839,127.0458
108,37.6839,127.0458
109,37.6609,127.0428
110,37.6426,127.0527
111,37.6888,127.0431
112,37.6888,127.0431
113,37.6888,127.0431
114,37.6858,127.0451
115,37.6855,127.0451
116,37.6839,127.0434
117,37.6839,127.0434
118,37.6803,127.05
119,37.6803,127.05
120,37.6803,127.05
121,37.672,127.0412
122,37.672,127.0412
123,37.6635,127.037
124,37.6635,127.037
125,37.6634,127.0368
126,37.6635,127.037
127,37.6634,127.0368
128,37.6645,127.0419
129,37.6645,127.0419
130,37.6678,127.042
131,37.6678,127.042
132,37.6678,127.042
133,37.6674,127.0373
134,37.6674,127.0373
135,37.6674,127.0373
136,37.6686,127.0315
137,37.6686,127.0315
138,37.6686,127.0315
139,37.6637,127.0335
140,37.6637,127.0335
141,37.6637,127.0335
142,37.6609,127.0399
143,37.6609,127.0399
144,37.6565,127.023
145,37.6565,127.023
146,37.6566,127.0246
147,37.6566,127.0246
148,37.6543,127.0309
149,37.6543,127.0309
150,37.6521,127.0271
151,37.6521,127.0271
152,37.6528,127.0276
153,37.6528,127.0276
154,37.6453,127.035
155,37.6453,127.035
156,37.6453,127.035
157,37.6427,127.0352
158,37.6427,127.0352
159,37.6448,127.0394
160,37.6448,127.0394
161,37.6382,127.0365
162,37.6382,127.0365
163,37.6382,127.0365
164,37.6503,127.053
165,37.6503,127.053
166,37.6469,127.0516
167,37.6469,127.0516
168,37.6469,127.0516
169,37.6444,127.0521
170,37.6444,127.0521
171,37.6444,127.0521
172,37.6474,127.0512
173,37.6474,127.0512
174,37.6474,127.0512
175,37.6476,127.0507
176,37.6476,127.0507
177,37.6529,127.0402
178,37.6529,127.0402
179,37.6529,127.0402
180,37.6551,127.0398
181,37.6551,127.0398
182,37.6479,127.0409
183,37.6478,127.0413
184,37.6479,127.0409
185,37.6484,127.0401
186,37.6484,127.0401
187,37.6484,127.0401
188,37.6481,127.04
189,37.6474,127.041
190,37.6471,127.0404
191,37.6472,127.0414
192,37.6472,127.0414
193,37.6472,127.0414
194,37.6499,127.051
195,37.6499,127.051
196,37.6499,127.051
197,37.6501,127.0367
198,37.6501,127.0367
199,37.6501,127.0367
200,37.6486,127.0449
201,37.6482,127.0453
202,37.6487,127.0455
203,37.6487,127.0455
204,37.6487,127.0455
205,37.6484,127.0462
206,37.6474,127.0453
207,37.6332,127.0414
208,37.6332,127.0414
209,37.6332,127.0414
210,37.6608,127.0225
211,37.6608,127.0224
212,37.6608,127.0224
213,37.6611,127.0218
214,37.6609,127.0215
215,37.6605,127.0221
216,37.6491,127.0393
217,37.6491,127.0393
218,37.6478,127.0393
219,37.6443,127.042
220,37.6443,127.042
221,37.6443,127.042
222,37.6455,127.0454
223,37.6451,127.0494
224,37.638,127.0432
225,37.6371,127.0429
226,37.6544,127.0228
227,37.6544,127.0228
228,37.6544,127.0228
229,37.6524,127.0285
230,37.6531,127.0292
231,37.6531,127.0292
232,37.6538,127.0338
233,37.6538,127.0338
234,37.6538,127.0338
235,37.6411,127.036
236,37.6496,127.044
237,37.6496,127.044
238,37.6496,127.044
239,37.6445,127.0465
240,37.644,127.0469
241,37.6437,127.0461
242,37.6437,127.0461
243,37.6437,127.0461
244,37.6431,127.0483
245,37.6858,127.0495
246,37.6862,127.0502
247,37.6862,127.0502
248,37.6862,127.0502
249,37.6862,127.0502
250,37.663,127.0329
251,37.6649,127.0319
252,37.6637,127.0486
253,37.6641,127.0503
254,37.6641,127.0503
255,37.6643,127.0486
256,37.6643,127.0486
257,37.6552,127.044
258,37.655,127.0457
259,37.6535,127.041
260,37.6523,127.0413
261,37.6519,127.041
262,37.6575,127.0228
263,37.6554,127.028
264,37.6812,127.0425
265,37.6329,127.0419
266,37.6329,127.0419
267,37.6329,127.0419
268,37.6788,127.0381
269,37.6788,127.0381
270,37.6788,127.0412
271,37.6653,127.0306
272,37.6665,127.0321
273,37.6584,127.0249
274,37.6588,127.0222
275,37.6567,127.0273
276,37.6567,127.0273
277,37.6555,127.0313
278,37.6553,127.0345
279,37.6553,127.0345
280,37.6564,127.0332
281,37.6523,127.031
282,37.6504,127.0272
283,37.6504,127.0272
284,37.6509,127.0289
285,37.6495,127.0293
286,37.648,127.0247
287,37.6488,127.0253
288,37.6488,127.0253
289,37.6526,127.0135
290,37.6526,127.0135
291,37.6526,127.0135
292,37.6535,127.0143
293,37.6363,127.0413
294,37.6358,127.043
295,37.65,127.0518
296,37.6481,127.0527
297,37.6492,127.0461
298,37.6492,127.0461
299,37.6455,127.0495
300,37.6607,127.049
301,37.6583,127.0459
302,37.6784,127.0405
303,37.653,127.0431
304,37.6426,127.0527
305,37.6739,127.048
306,37.6493,127.0185
307,37.6848,127.0437
308,37.6848,127.0437
309,37.6859,127.0452
310,37.6859,127.0452
311,37.6842,127.0441
312,37.6842,127.0441
313,37.6826,127.0452
314,37.6805,127.0429
315,37.679,127.0396
316,37.679,127.0396
317,37.679,127.0396
318,37.6756,127.0436
319,37.673,127.041
320,37.6718,127.0409
321,37.6706,127.041
322,37.6706,127.041
323,37.6706,127.041
324,37.6736,127.0416
325,37.6789,127.0372
326,37.6834,127.0446
327,37.6774,127.0427
328,37.6758,127.0433
329,37.673,127.0427
330,37.673,127.0427
331,37.673,127.0427
332,37.67,127.0423
333,37.6888,127.044
334,37.689,127.0427
335,37.6887,127.0423
336,37.6887,127.0413
337,37.6881,127.0411
338,37.6881,127.0411
339,37.6881,127.0411
340,37.6882,127.0424
341,37.6882,127.0424
342,37.6882,127.0424
343,37.6876,127.0421
344,37.6876,127.0433
345,37.6883,127.0436
346,37.6883,127.0436
347,37.6755,127.0441
348,37.6719,127.0431
349,37.6719,127.0431
350,37.6764,127.0322
351,37.6764,127.0322
352,37.6764,127.0322
353,37.6847,127.0424
354,37.6889,127.0453
355,37.6889,127.0453
356,37.6889,127.0453
357,37.6801,127.0412
358,37.684,127.0425
359,37.6896,127.0434
360,37.6896,127.0434
361,37.689,127.0412
362,37.689,127.0412
363,37.6893,127.0418
364,37.6897,127.041
365,37.6897,127.041
366,37.6901,127.04
367,37.6901,127.04
368,37.6904,127.0412
369,37.691,127.0411
370,37.691,127.0411
371,37.691,127.0411
372,37.6911,127.0423
373,37.6911,127.0423
374,37.6911,127.0423
375,37.6905,127.0435
376,37.6905,127.0435
377,37.6815,127.044
378,37.6815,127.044
379,37.6815,127.044
380,37.6838,127.0435
381,37.6838,127.0435
382,37.6722,127.0392
383,37.6799,127.04
384,37.6805,127.0446
385,37.6805,127.0446
386,37.6805,127.0446
387,37.6833,127.0454
388,37.6828,127.0423
389,37.6778,127.0417
390,37.6772,127.0438
391,37.6704,127.0397
392,37.6733,127.0402
393,37.6703,127.0429
394,37.6839,127.0453
395,37.6839,127.0453
396,37.6792,127.036
397,37.6709,127.0424
398,37.6744,127.044
399,37.6744,127.044
400,37.6744,127.044
401,37.6792,127.0426
402,37.6744,127.0431
403,37.6777,127.0433
404,37.6863,127.0425
405,37.6863,127.0425
406,37.6854,127.0447
407,37.6837,127.0439
408,37.6867,127.0382
409,37.6867,127.0382
410,37.6867,127.0382
411,37.6818,127.0433
412,37.6761,127.0432
413,37.6887,127.0445
414,37.675,127.0427
415,37.6735,127.0428
416,37.6936,127.0438
417,37.6725,127.0403
418,37.6829,127.0435
419,37.687,127.0434
420,37.6865,127.0397
421,37.6863,127.0411
422,37.6863,127.0411
423,37.6863,127.0411
424,37.6792,127.0407
425,37.6792,127.0407
426,37.6792,127.0407
427,37.6782,127.0362
428,37.6782,127.0362
429,37.6866,127.0422
430,37.6817,127.0446
431,37.6817,127.0446
432,37.6817,127.0446
433,37.679,127.0389
434,37.6895,127.0405
435,37.6904,127.0413
436,37.6904,127.0413
437,37.6919,127.0415
438,37.6919,127.0415
439,37.6722,127.0406
440,37.6722,127.0406
441,37.6729,127.0413
442,37.6729,127.0413
443,37.6729,127.0413
444,37.6772,127.0431
445,37.6772,127.0431
446,37.6785,127.0431
447,37.6785,127.0431
448,37.6857,127.0416
449,37.6857,127.0416
450,37.6857,127.0416
451,37.6801,127.0435
452,37.6801,127.0435
453,37.6801,127.0435
454,37.6844,127.0429
455,37.6844,127.0429
456,37.6718,127.0409
457,37.6784,127.0405
458,37.678,127.0438
459,37.6805,127.0429
460,37.6805,127.0429
461,37.6825,127.0394
462,37.6826,127.0394
463,37.6825,127.0391
464,37.6825,127.0391
465,37.6823,127.0393
466,37.6823,127.0393
467,37.6823,127.0393
468,37.6824,127.0394
469,37.6862,127.041
470,37.6866,127.0439
471,37.6866,127.0439
472,37.6712,127.042
473,37.678,127.0438
474,37.6939,127.0428
475,37.6826,127.0488
476,37.676,127.045
477,37.6748,127.0461
478,37.6748,127.0461
479,37.6748,127.0461
480,37.6748,127.0461
481,37.6742,127.0456
482,37.6726,127.0455
483,37.6726,127.0455
484,37.6726,127.0455
485,37.6713,127.0463
486,37.6712,127.0452
487,37.6731,127.0461
488,37.6732,127.0475
489,37.6795,127.0457
490,37.6761,127.0488
491,37.6705,127.0448
492,37.6879,127.0465
493,37.6879,127.0465
494,37.6879,127.0465
495,37.6833,127.0465
496,37.681,127.046
497,37.6755,127.0467
498,37.6754,127.0463
499,37.6778,127.0454
500,37.6892,127.0468
501,37.6892,127.0468
502,37.6783,127.0494
503,37.6726,127.0465
504,37.6742,127.0449
505,37.6781,127.0458
506,37.6761,127.0493
507,37.6721,127.0471
508,37.6742,127.0481
509,37.6803,127.0458
510,37.6762,127.0471
511,37.6702,127.0467
512,37.6702,127.0467
513,37.6803,127.0474
514,37.6803,127.0474
515,37.6803,127.0474
516,37.6755,127.0472
517,37.6755,127.0472
518,37.6748,127.0483
519,37.6789,127.0504
520,37.6789,127.0504
521,37.6789,127.0504
522,37.6857,127.0512
523,37.6857,127.0512
524,37.6857,127.0512
525,37.6752,127.0453
526,37.6752,127.0453
527,37.6752,127.0453
528,37.6882,127.0494
529,37.6882,127.0494
530,37.6882,127.0494
531,37.684,127.0498
532,37.684,127.0498
533,37.684,127.0498
534,37.6744,127.0459
535,37.6744,127.0459
536,37.6744,127.0459
537,37.6907,127.0465
538,37.6911,127.0487
539,37.6909,127.0469
540,37.6913,127.0472
541,37.6913,127.0472
542,37.6917,127.0477
543,37.6922,127.0474
544,37.6921,127.0469
545,37.6925,127.0471
546,37.6924,127.0466
547,37.6924,127.0466
548,37.6924,127.0466
549,37.6929,127.047
550,37.6767,127.049
551,37.6754,127.0457
552,37.6754,127.0457
553,37.6754,127.0457
554,37.675,127.0463
555,37.6694,127.041
556,37.6694,127.041
557,37.6694,127.041
558,37.6677,127.0418
559,37.6663,127.041
560,37.6663,127.041
561,37.666,127.0389
562,37.6653,127.0377
563,37.6637,127.0382
564,37.6683,127.04
565,37.6643,127.0447
566,37.6622,127.0396
567,37.6622,127.0392
568,37.6622,127.0392
569,37.6656,127.0418
570,37.6687,127.0419
571,37.6641,127.042
572,37.6646,127.041
573,37.6646,127.0393
574,37.6646,127.0393
575,37.6646,127.0393
576,37.6637,127.036
577,37.6642,127.0455
578,37.666,127.0446
579,37.666,127.0446
580,37.666,127.0446
581,37.6681,127.045
582,37.667,127.0442
583,37.6651,127.0385
584,37.6617,127.0363
585,37.6674,127.041
586,37.6636,127.0408
587,37.6636,127.0409
588,37.6678,127.0404
589,37.6611,127.0503
590,37.6618,127.0408
591,37.6641,127.0373
592,37.6644,127.0378
593,37.6648,127.0372
594,37.6619,127.0477
595,37.6672,127.0485
596,37.6635,127.0454
597,37.6635,127.0454
598,37.6688,127.0404
599,37.6688,127.0404
600,37.6688,127.0404
601,37.6642,127.0399
602,37.6656,127.0401
603,37.6651,127.0421
604,37.6651,127.0421
605,37.6651,127.0421
606,37.6651,127.0421
607,37.6682,127.0481
608,37.6649,127.0374
609,37.6669,127.0391
610,37.6687,127.0426
611,37.6687,127.0426
612,37.6687,127.0426
613,37.6621,127.0362
614,37.6621,127.0362
615,37.6621,127.0362
616,37.6651,127.0403
617,37.6679,127.041
618,37.6679,127.041
619,37.6679,127.041
620,37.6655,127.0453
621,37.667,127.0453
622,37.6661,127.04
623,37.6642,127.0364
624,37.6642,127.0364
625,37.6642,127.0364
626,37.6693,127.0433
627,37.6693,127.0433
628,37.6693,127.0433
629,37.6666,127.0416
630,37.6666,127.0416
631,37.6666,127.0416
632,37.6666,127.0402
633,37.6666,127.0402
634,37.6692,127.0482
635,37.6692,127.0482
636,37.6692,127.0483
637,37.6623,127.0482
638,37.6623,127.0483
639,37.6623,127.0483
640,37.6623,127.0482
641,37.6637,127.0393
642,37.6637,127.0393
643,37.6637,127.0393
644,37.6667,127.0421
645,37.6667,127.0421
646,37.6624,127.0445
647,37.6624,127.0445
648,37.6631,127.0391
649,37.6618,127.0392
650,37.6662,127.0464
651,37.6619,127.0376
652,37.6677,127.0446
653,37.6677,127.0446
654,37.6611,127.0363
655,37.6611,127.0363
656,37.6611,127.0363
657,37.6633,127.042
658,37.6633,127.042
659,37.6624,127.0418
660,37.6624,127.0418
661,37.663,127.043
662,37.663,127.043
663,37.663,127.043
664,37.663,127.043
665,37.6623,127.0431
666,37.6623,127.0431
667,37.6623,127.0431
668,37.6623,127.0431
669,37.6662,127.0464
670,37.6619,127.0376
671,37.6699,127.0396
672,37.6689,127.0394
673,37.6689,127.0378
674,37.6686,127.0362
675,37.6686,127.0319
676,37.6686,127.0319
677,37.6673,127.0335
678,37.669,127.0334
679,37.669,127.0296
680,37.669,127.0296
681,37.669,127.0296
682,37.6669,127.0379
683,37.6681,127.0344
684,37.67,127.0365
685,37.6699,127.0308
686,37.6675,127.0357
687,37.6658,127.0346
688,37.6665,127.0362
689,37.6665,127.0354
690,37.6677,127.0379
691,37.6681,127.0375
692,37.6692,127.0334
693,37.6692,127.0338
694,37.6695,127.0328
695,37.67,127.033
696,37.6693,127.0323
697,37.6702,127.0321
698,37.6706,127.0321
699,37.6711,127.0323
700,37.6706,127.0326
701,37.6709,127.033
702,37.6702,127.0358
703,37.6702,127.0358
704,37.6702,127.0358
705,37.6691,127.0346
706,37.6681,127.0335
707,37.6692,127.0373
708,37.6658,127.0333
709,37.6683,127.0296
710,37.6683,127.0296
711,37.6683,127.0296
712,37.6679,127.0393
713,37.6677,127.0351
714,37.6635,127.0338
715,37.6654,127.0357
716,37.6704,127.0312
717,37.6704,127.0312
718,37.6675,127.0306
719,37.6669,127.0317
720,37.6634,127.0305
721,37.663,127.0341
722,37.6696,127.0319
723,37.6661,127.0366
724,37.6698,127.0358
725,37.6677,127.0318
726,37.6643,127.0346
727,37.6627,127.0307
728,37.6692,127.0315
729,37.6686,127.0339
730,37.6659,127.0355
731,37.6685,127.0329
732,37.6685,127.0329
733,37.6686,127.038
734,37.6647,127.0306
735,37.6699,127.0299
736,37.6637,127.0333
737,37.6637,127.0333
738,37.6637,127.0333
739,37.6671,127.031
740,37.668,127.0302
741,37.6693,127.0387
742,37.6693,127.0387
743,37.6693,127.0387
744,37.6652,127.0338
745,37.6677,127.0371
746,37.6677,127.0371
747,37.6677,127.0371
748,37.6692,127.0286
749,37.6692,127.0286
750,37.6687,127.0349
751,37.6687,127.0349
752,37.6687,127.0349
753,37.6685,127.0357
754,37.6685,127.0357
755,37.6685,127.0357
756,37.6681,127.0389
757,37.6646,127.0345
758,37.665,127.035
759,37.6659,127.0364
760,37.6664,127.0331
761,37.6664,127.0331
762,37.6629,127.0322
763,37.6629,127.0322
764,37.6629,127.0322
765,37.6697,127.0385
766,37.6697,127.0385
767,37.6641,127.0337
768,37.6638,127.0313
769,37.6689,127.0392
770,37.6689,127.0392
771,37.6631,127.0322
772,37.6631,127.0322
773,37.6641,127.0337
774,37.6638,127.0313
775,37.6708,127.0398
776,37.6646,127.0281
777,37.6617,127.0333
778,37.664,127.0269
779,37.6609,127.0234
780,37.6619,127.0347
781,37.6599,127.0207
782,37.6637,127.0272
783,37.6576,127.0214
784,37.6612,127.0218
785,37.6624,127.0284
786,37.6624,127.0284
787,37.6624,127.0284
788,37.6605,127.0217
789,37.6605,127.0217
790,37.6568,127.0245
791,37.6568,127.0245
792,37.6602,127.0244
793,37.6614,127.0244
794,37.6602,127.0276
795,37.6586,127.0261
796,37.6613,127.0327
797,37.6597,127.0291
798,37.6597,127.0291
799,37.6597,127.0291
800,37.6597,127.0307
801,37.6597,127.0307
802,37.6598,127.032
803,37.6598,127.032
804,37.6598,127.032
805,37.6603,127.0348
806,37.6592,127.0283
807,37.6592,127.0283
808,37.6634,127.0276
809,37.6602,127.0244
810,37.6614,127.0244
811,37.6602,127.0276
812,37.6586,127.0261
813,37.6613,127.0327
814,37.658,127.0151
815,37.6551,127.019
816,37.6551,127.019
817,37.6551,127.019
818,37.656,127.0168
819,37.6545,127.0136
820,37.6523,127.024
821,37.6529,127.0226
822,37.651,127.0254
823,37.651,127.0254
824,37.653,127.0171
825,37.653,127.0171
826,37.6495,127.019
827,37.6506,127.0226
828,37.653,127.024
829,37.6549,127.0149
830,37.6549,127.0149
831,37.6549,127.0149
832,37.6482,127.0256
833,37.6498,127.0199
834,37.6537,127.0237
835,37.6543,127.0184
836,37.6558,127.0158
837,37.6555,127.0144
838,37.6492,127.0205
839,37.6492,127.0238
840,37.6518,127.0222
841,37.6546,127.0173
842,37.6517,127.0263
843,37.6512,127.0216
844,37.661,127.0159
845,37.6535,127.0219
846,37.6516,127.0236
847,37.654,127.0193
848,37.6567,127.0168
849,37.6557,127.0173
850,37.6497,127.0259
851,37.6561,127.0181
852,37.651,127.0139
853,37.6541,127.0171
854,37.6523,127.0136
855,37.6499,127.0183
856,37.6487,127.0219
857,37.6498,127.0228
858,37.6498,127.0228
859,37.6498,127.0228
860,37.657,127.0181
861,37.6602,127.016
862,37.6505,127.0248
863,37.6566,127.0193
864,37.6494,127.0207
865,37.6543,127.0165
866,37.6568,127.0159
867,37.6568,127.0159
868,37.6568,127.0159
869,37.6586,127.0153
870,37.6512,127.0243
871,37.6512,127.0243
872,37.6555,127.0137
873,37.6559,127.0173
874,37.6552,127.0183
875,37.6552,127.0183
876,37.65,127.0237
877,37.6571,127.0185
878,37.6529,127.0128
879,37.6543,127.0233
880,37.6542,127.0229
881,37.6489,127.017
882,37.6613,127.0156
883,37.6613,127.0156
884,37.6613,127.0156
885,37.6496,127.0198
886,37.6552,127.0168
887,37.6576,127.0167
888,37.6491,127.0197
889,37.6491,127.0197
890,37.6506,127.0143
891,37.6549,127.0142
892,37.6549,127.0142
893,37.6549,127.0142
894,37.6577,127.0147
895,37.6577,127.0147
896,37.6577,127.0147
897,37.6577,127.0147
898,37.6577,127.0147
899,37.6584,127.0168
900,37.6584,127.0168
901,37.6584,127.0168
902,37.6584,127.0168
903,37.6613,127.0148
904,37.6613,127.0148
905,37.6613,127.0148
906,37.6594,127.0149
907,37.6594,127.0149
908,37.6594,127.0149
909,37.6594,127.0149
910,37.652,127.0257
911,37.652,127.0257
912,37.652,127.0257
913,37.6585,127.0158
914,37.6585,127.0158
915,37.6585,127.0158
916,37.6502,127.0263
917,37.6502,127.0263
918,37.6502,127.0263
919,37.6502,127.0263
920,37.6469,127.0252
921,37.6469,127.0252
922,37.6469,127.0252
923,37.6524,127.0224
924,37.6524,127.0224
925,37.6524,127.0224
926,37.6548,127.0154
927,37.6548,127.0154
928,37.6548,127.0154
929,37.6534,127.0228
930,37.6534,127.0228
931,37.6548,127.0162
932,37.6548,127.0162
933,37.6548,127.0162
934,37.6508,127.0256
935,37.6508,127.0256
936,37.6501,127.0251
937,37.6501,127.0251
938,37.6501,127.0251
939,37.6501,127.0251
940,37.6523,127.0139
941,37.6523,127.0139
942,37.652,127.0133
943,37.652,127.0133
944,37.6512,127.0138
945,37.6518,127.0143
946,37.6518,127.0143
947,37.6593,127.0146
948,37.6593,127.0146
949,37.6532,127.018
950,37.6532,127.018
951,37.6543,127.0146
952,37.6482,127.0264
953,37.6538,127.0276
954,37.6538,127.0276
955,37.6506,127.0229
956,37.6506,127.0229
957,37.6539,127.0165
958,37.6539,127.0165
959,37.6539,127.0165
960,37.654,127.0171
961,37.654,127.0171
962,37.654,127.0171
963,37.6543,127.0146
964,37.6482,127.0264
965,37.6503,127.024
966,37.6614,127.0408
967,37.6608,127.0399
968,37.6595,127.038
969,37.6567,127.0353
970,37.654,127.037
971,37.6534,127.0341
972,37.6606,127.0371
973,37.6606,127.0371
974,37.6542,127.0358
975,37.6525,127.0342
976,37.6587,127.0376
977,37.6518,127.0349
978,37.6531,127.0351
979,37.6531,127.0351
980,37.6531,127.0351
981,37.6518,127.0343
982,37.6606,127.0386
983,37.658,127.0394
984,37.6545,127.0347
985,37.6537,127.0336
986,37.6591,127.0349
987,37.6541,127.0345
988,37.6555,127.0357
989,37.6516,127.0338
990,37.6516,127.0338
991,37.6583,127.0385
992,37.652,127.0357
993,37.652,127.0357
994,37.652,127.0357
995,37.652,127.0357
996,37.6527,127.0363
997,37.6527,127.0363
998,37.6527,127.0363
999,37.6527,127.0363
1000,37.6562,127.0377
1001,37.6562,127.0377
1002,37.6562,127.0377
1003,37.6553,127.0363
1004,37.6553,127.0363
1005,37.6553,127.0363
1006,37.6521,127.0334
1007,37.6521,127.0334
1008,37.6521,127.0334
1009,37.6521,127.0334
1010,37.6517,127.0333
1011,37.6517,127.0333
1012,37.6517,127.0333
1013,37.6588,127.037
1014,37.6557,127.038
1015,37.6557,127.038
1016,37.6565,127.0385
1017,37.6565,127.0385
1018,37.6565,127.0385
1019,37.653,127.0357
1020,37.653,127.0357
1021,37.6607,127.0392
1022,37.6607,127.0392
1023,37.6598,127.04
1024,37.6555,127.0367
1025,37.6588,127.0394
1026,37.6512,127.0324
1027,37.6542,127.021
1028,37.6542,127.021
1029,37.6542,127.021
1030,37.654,127.02
1031,37.654,127.02
1032,37.654,127.02
1033,37.6598,127.04
1034,37.6555,127.0367
1035,37.6555,127.0367
1036,37.6555,127.0367
1037,37.6555,127.0367
1038,37.6588,127.0394
1039,37.6512,127.0324
1040,37.6594,127.0365
1041,37.6495,127.0342
1042,37.6495,127.0342
1043,37.6497,127.0323
1044,37.6482,127.0333
1045,37.6503,127.0312
1046,37.6503,127.0312
1047,37.6472,127.03
1048,37.6472,127.03
1049,37.6472,127.03
1050,37.6495,127.0305
1051,37.65,127.0294
1052,37.6487,127.0283
1053,37.645,127.0314
1054,37.6483,127.0312
1055,37.6445,127.0302
1056,37.6499,127.0298
1057,37.6505,127.0334
1058,37.6505,127.0334
1059,37.6505,127.0334
1060,37.6481,127.0291
1061,37.6456,127.0268
1062,37.6476,127.0322
1063,37.6479,127.0281
1064,37.6479,127.0281
1065,37.6468,127.0326
1066,37.6481,127.03
1067,37.6469,127.0313
1068,37.6482,127.0281
1069,37.6499,127.0339
1070,37.6485,127.0324
1071,37.6489,127.0332
1072,37.6478,127.0309
1073,37.6493,127.0349
1074,37.6493,127.0349
1075,37.6488,127.0342
1076,37.6488,127.0277
1077,37.6491,127.0306
1078,37.6502,127.03
1079,37.648,127.0339
1080,37.651,127.0352
1081,37.6434,127.0306
1082,37.644,127.0309
1083,37.644,127.0309
1084,37.6441,127.0309
1085,37.6498,127.0347
1086,37.6498,127.0347
1087,37.6498,127.0347
1088,37.6465,127.0263
1089,37.6465,127.0263
1090,37.6487,127.0337
1091,37.6487,127.0336
1092,37.6487,127.0337
1093,37.6472,127.0276
1094,37.6472,127.0276
1095,37.6472,127.0276
1096,37.6457,127.0319
1097,37.6457,127.0319
1098,37.6457,127.0319
1099,37.6486,127.0305
1100,37.6486,127.0305
1101,37.6451,127.0304
1102,37.6451,127.0304
1103,37.6512,127.0352
1104,37.648,127.0292
1105,37.648,127.0292
1106,37.6496,127.0303
1107,37.6496,127.0303
1108,37.6496,127.0303
1109,37.6539,127.0242
1110,37.6539,127.0242
1111,37.654,127.0242
1112,37.6535,127.0246
1113,37.6535,127.0246
1114,37.6535,127.0246
1115,37.6512,127.0352
1116,37.6512,127.0352
1117,37.6517,127.0322
1118,37.6517,127.0322
1119,37.6515,127.0306
1120,37.6515,127.0306
1121,37.6523,127.0301
1122,37.6523,127.0301
1123,37.6523,127.0301
1124,37.6515,127.0295
1125,37.6598,127.0328
1126,37.6592,127.0297
1127,37.6563,127.028
1128,37.6565,127.03
1129,37.6565,127.03
1130,37.6565,127.03
1131,37.6526,127.0329
1132,37.6526,127.0329
1133,37.6524,127.0318
1134,37.6524,127.0318
1135,37.6524,127.0318
1136,37.6577,127.0297
1137,37.6601,127.0337
1138,37.6592,127.0314
1139,37.6578,127.0277
1140,37.6528,127.03
1141,37.6528,127.03
1142,37.6527,127.03
1143,37.6527,127.03
1144,37.6526,127.0298
1145,37.6526,127.0298
1146,37.6554,127.0313
1147,37.6554,127.0313
1148,37.659,127.0287
1149,37.6577,127.0297
1150,37.6601,127.0337
1151,37.6592,127.0314
1152,37.6578,127.0277
1153,37.6608,127.0508
1154,37.6621,127.0459
1155,37.6616,127.04
1156,37.6611,127.0363
1157,37.6598,127.0327
1158,37.6799,127.0499
1159,37.6865,127.0383
1160,37.6445,127.0288
1161,37.6516,127.0144
1162,37.6548,127.0142
1163,37.6849,127.0419
1164,37.6829,127.0439
1165,37.6739,127.0488
1166,37.6883,127.0494
1167,37.6884,127.0495
1168,37.6884,127.0491
1169,37.6922,127.049
1170,37.6922,127.0487
1171,37.6923,127.0483
1172,37.6923,127.0483
1173,37.6923,127.0483
1174,37.6923,127.0483
1175,37.6923,127.0483
1176,37.6922,127.0483
1177,37.6923,127.0483
1178,37.6421,127.053
1179,37.6617,127.0371
1180,37.6619,127.0432
1181,37.6616,127.0479
1182,37.6612,127.0501
1183,37.6678,127.0483
1184,37.6807,127.0476
1185,37.6807,127.0476
1186,37.6807,127.0476
1187,37.6807,127.0476
1188,37.6809,127.0458
1189,37.6809,127.0458
1190,37.6809,127.0458
1191,37.6801,127.0436
1192,37.6801,127.0436
1193,37.6801,127.0436
1194,37.6615,127.049
1195,37.6615,127.049
1196,37.6333,127.0393
1197,37.6333,127.0393
1198,37.6333,127.0393
1199,37.6432,127.0308
1200,37.6432,127.0308
1201,37.6432,127.0308
1202,37.6796,127.0505
1203,37.6796,127.0505
1204,37.6796,127.0505
1205,37.6878,127.0496
1206,37.6878,127.0496
1207,37.6878,127.0496
1208,37.6602,127.0512
1209,37.6602,127.0512
1210,37.6602,127.0512
1211,37.6602,127.0512
1212,37.6506,127.037
1213,37.6508,127.0366
1214,37.6488,127.0362
1215,37.6485,127.0361
1216,37.649,127.0386
1217,37.6476,127.0373
1218,37.6476,127.0373
1219,37.6476,127.0373
1220,37.6469,127.0368
1221,37.6469,127.0368
1222,37.6388,127.0357
1223,37.6458,127.0504
1224,37.6485,127.048
1225,37.6482,127.0367
1226,37.6482,127.0367
1227,37.6489,127.0371
1228,37.6489,127.0371
1229,37.6489,127.0371
1230,37.6488,127.0354
1231,37.647,127.0374
1232,37.6473,127.0383
1233,37.6496,127.0363
1234,37.6498,127.036
1235,37.6466,127.0381
1236,37.6474,127.0351
1237,37.6469,127.0356
1238,37.6469,127.0356
1239,37.6469,127.0356
1240,37.6477,127.0383
1241,37.6481,127.0354
1242,37.6482,127.0465
1243,37.651,127.0452
1244,37.647,127.038
1245,37.6483,127.0384
1246,37.6463,127.0366
1247,37.6463,127.0366
1248,37.6463,127.0366
1249,37.6444,127.0444
1250,37.6483,127.039
1251,37.6483,127.0388
1252,37.6475,127.0357
1253,37.6475,127.0357
1254,37.6469,127.049
1255,37.6485,127.0378
1256,37.6485,127.0378
1257,37.6471,127.0442
1258,37.6471,127.0442
1259,37.6471,127.0442
1260,37.6498,127.0378
1261,37.6498,127.0378
1262,37.6498,127.0378
1263,37.6513,127.0378
1264,37.6503,127.0417
1265,37.6481,127.0436
1266,37.6471,127.0486
1267,37.6466,127.0449
1268,37.6466,127.0449
1269,37.643,127.0484
1270,37.643,127.0484
1271,37.643,127.0484
1272,37.6474,127.0436
1273,37.6474,127.0436
1274,37.6474,127.0436
1275,37.6469,127.0435
1276,37.6469,127.0435
1277,37.6469,127.0435
1278,37.6487,127.0458
1279,37.6487,127.0458
1280,37.6487,127.0458
1281,37.6492,127.0399
1282,37.6492,127.0399
1283,37.6497,127.0397
1284,37.6497,127.0397
1285,37.6426,127.0488
1286,37.6468,127.0456
1287,37.6492,127.0408
1288,37.6492,127.0408
1289,37.6478,127.0397
1290,37.6461,127.0464
1291,37.6474,127.047
1292,37.6474,127.047
1293,37.6474,127.047
1294,37.6471,127.0459
1295,37.6471,127.0459
1296,37.6471,127.0459
1297,37.6513,127.0378
1298,37.6503,127.0417
1299,37.6481,127.0436
1300,37.6471,127.0486
1301,37.6436,127.0379
1302,37.6448,127.036
1303,37.6458,127.039
1304,37.6458,127.039
1305,37.6458,127.039
1306,37.6447,127.0396
1307,37.6435,127.0393
1308,37.6416,127.0391
1309,37.6407,127.0355
1310,37.6456,127.0375
1311,37.641,127.0379
1312,37.6417,127.0362
1313,37.6457,127.0404
1314,37.6444,127.0365
1315,37.6396,127.035
1316,37.6451,127.0388
1317,37.6396,127.038
1318,37.6383,127.0366
1319,37.6457,127.0337
1320,37.6454,127.0358
1321,37.6454,127.0358
1322,37.6448,127.0336
1323,37.6423,127.0405
1324,37.6425,127.0352
1325,37.6425,127.0352
1326,37.6414,127.0368
1327,37.643,127.0379
1328,37.6402,127.0377
1329,37.6384,127.0354
1330,37.6384,127.0354
1331,37.6426,127.0342
1332,37.6406,127.0367
1333,37.64,127.036
1334,37.6442,127.0381
1335,37.6389,127.0366
1336,37.6455,127.0339
1337,37.6371,127.0365
1338,37.6442,127.0398
1339,37.6409,127.0341
1340,37.645,127.0383
1341,37.645,127.0383
1342,37.645,127.0383
1343,37.6451,127.0385
1344,37.643,127.0411
1345,37.6455,127.0399
1346,37.6455,127.0399
1347,37.6455,127.0399
1348,37.64,127.0381
1349,37.64,127.0381
1350,37.64,127.0381
1351,37.64,127.0381
1352,37.6434,127.036
1353,37.6434,127.036
1354,37.6434,127.036
1355,37.6371,127.0363
1356,37.6371,127.0363
1357,37.6371,127.0363
1358,37.6415,127.0333
1359,37.6415,127.0333
1360,37.6415,127.0333
1361,37.6415,127.0333
1362,37.6405,127.0359
1363,37.6405,127.0359
1364,37.6397,127.0372
1365,37.6394,127.0377
1366,37.6392,127.0381
1367,37.6423,127.0393
1368,37.6423,127.0393
1369,37.6446,127.0345
1370,37.6446,127.0345
1371,37.6446,127.0345
1372,37.6392,127.0353
1373,37.6392,127.0353
1374,37.6441,127.0392
1375,37.6441,127.0392
1376,37.6441,127.0392
1377,37.6439,127.0338
1378,37.6439,127.0338
1379,37.6431,127.0383
1380,37.6436,127.0404
1381,37.6405,127.0388
1382,37.6449,127.041
1383,37.6449,127.041
1384,37.6414,127.0367
1385,37.6414,127.0367
1386,37.6426,127.0365
1387,37.6436,127.0404
1388,37.6405,127.0388
1389,37.642,127.0384
1390,37.6414,127.0353
1391,37.642,127.0354
1392,37.642,127.0354
1393,37.642,127.0354
1394,37.6399,127.0409
1395,37.6398,127.04
1396,37.6384,127.0418
1397,37.6376,127.0412
1398,37.6353,127.0404
1399,37.6353,127.0404
1400,37.6353,127.0404
1401,37.637,127.0386
1402,37.6339,127.0431
1403,37.6339,127.0431
1404,37.6339,127.0431
1405,37.6337,127.0407
1406,37.6337,127.0407
1407,37.6337,127.0407
1408,37.637,127.0428
1409,37.6374,127.039
1410,37.6374,127.039
1411,37.6374,127.039
1412,37.6363,127.0388
1413,37.6363,127.0388
1414,37.6363,127.0398
1415,37.6341,127.0392
1416,37.6378,127.0383
1417,37.6378,127.0383
1418,37.6378,127.0383
1419,37.6342,127.0398
1420,37.6394,127.0426
1421,37.6394,127.0426
1422,37.6377,127.0399
1423,37.6362,127.0382
1424,37.6362,127.0382
1425,37.6362,127.0382
1426,37.6355,127.0397
1427,37.6351,127.0423
1428,37.6349,127.0435
1429,37.6333,127.0394
1430,37.6346,127.0386
1431,37.6368,127.0411
1432,37.6374,127.0374
1433,37.6374,127.0374
1434,37.639,127.0415
1435,37.6378,127.0421
1436,37.6391,127.0391
1437,37.6348,127.0401
1438,37.6348,127.0401
1439,37.6348,127.0401
1440,37.6384,127.0399
1441,37.6384,127.0399
1442,37.6366,127.0407
1443,37.6335,127.0419
1444,37.6375,127.0381
1445,37.6375,127.0381
1446,37.6375,127.0381
1447,37.6352,127.0411
1448,37.6352,127.0411
1449,37.6352,127.0411
1450,37.6352,127.0411
1451,37.6384,127.0427
1452,37.6384,127.0427
1453,37.6384,127.0427
1454,37.6384,127.0427
1455,37.6384,127.0427
1456,37.6363,127.0394
1457,37.6342,127.0435
1458,37.6342,127.0435
1459,37.6382,127.0412
1460,37.6383,127.0385
1461,37.6383,127.0385
1462,37.6376,127.0388
1463,37.6376,127.0388
1464,37.6376,127.0388
1465,37.6375,127.0386
1466,37.6375,127.0386
1467,37.6375,127.0386
1468,37.6387,127.0388
1469,37.6385,127.0392
1470,37.6367,127.0405
1471,37.6367,127.0405
1472,37.6367,127.0405
1473,37.6357,127.0386
1474,37.6357,127.0386
1475,37.6357,127.0386
1476,37.6396,127.0404
1477,37.6396,127.0404
1478,37.6399,127.0405
1479,37.6399,127.0405
1480,37.634,127.0412
1481,37.632,127.0409
1482,37.638,127.0405
1483,37.6411,127.0406
1484,37.6612,127.0473
1485,37.64,127.042
1486,37.6376,127.0412
1487,37.6376,127.0412
1488,37.6376,127.0412
1489,37.6401,127.0408
1490,37.6401,127.0408
1491,37.6401,127.0408
1492,37.6384,127.043
1493,37.6384,127.043
1494,37.6384,127.043
1495,37.6424,127.0436
1496,37.6424,127.0436
1497,37.634,127.0412
1498,37.632,127.0409
1499,37.638,127.0405
1500,37.6411,127.0406
1501,37.6411,127.0406
1502,37.64,127.042
1503,37.6426,127.0524
1504,37.6594,127.0454
1505,37.6569,127.0464
1506,37.6547,127.0478
1507,37.6526,127.0497
1508,37.6526,127.0497
1509,37.6526,127.0497
1510,37.6526,127.0497
1511,37.6534,127.0507
1512,37.6534,127.0507
1513,37.6534,127.0507
1514,37.6597,127.0467
1515,37.6532,127.0523
1516,37.6615,127.0481
1517,37.6558,127.0471
1518,37.6461,127.051
1519,37.6461,127.051
1520,37.6461,127.051
1521,37.6445,127.0512
1522,37.6445,127.0512
1523,37.6445,127.0512
1524,37.6604,127.0507
1525,37.6604,127.0507
1526,37.6604,127.0507
1527,37.6462,127.053
1528,37.6593,127.0497
1529,37.6602,127.0453
1530,37.6602,127.0453
1531,37.6602,127.0453
1532,37.6612,127.0473
1533,37.6462,127.053
1534,37.6593,127.0497
1535,37.662,127.045
1536,37.6609,127.0428
1537,37.6557,127.0448
1538,37.6557,127.0448
1539,37.6557,127.0448
1540,37.6528,127.0383
1541,37.6549,127.0414
1542,37.6554,127.0398
1543,37.6536,127.0463
1544,37.6529,127.0469
1545,37.6529,127.0469
1546,37.6529,127.0469
1547,37.654,127.0442
1548,37.6535,127.0488
1549,37.6535,127.0488
1550,37.653,127.0466
1551,37.653,127.0466
1552,37.6529,127.0485
1553,37.652,127.047
1554,37.652,127.047
1555,37.652,127.047
1556,37.6538,127.0482
1557,37.6538,127.0482
1558,37.6538,127.0482
1559,37.6573,127.0411
1560,37.6529,127.047
1561,37.656,127.0437
1562,37.656,127.0437
1563,37.656,127.0437
1564,37.6613,127.0432
1565,37.6524,127.0393
1566,37.6543,127.04
1567,37.6542,127.0436
1568,37.6542,127.0436
1569,37.6522,127.0385
1570,37.6543,127.0448
1571,37.657,127.0406
1572,37.6551,127.0428
1573,37.6548,127.0445
1574,37.6573,127.0418
1575,37.6519,127.0373
1576,37.6522,127.0396
1577,37.6544,127.0388
1578,37.6555,127.0454
1579,37.6548,127.0427
1580,37.661,127.0447
1581,37.6613,127.0439
1582,37.6521,127.0382
1583,37.6521,127.0382
1584,37.6521,127.0382
1585,37.6521,127.0382
1586,37.6548,127.0446
1587,37.6545,127.046
1588,37.6555,127.042
1589,37.653,127.0431
1590,37.6569,127.0458
1591,37.6558,127.0422
1592,37.6558,127.0422
1593,37.6595,127.045
1594,37.6545,127.046
1595,37.6555,127.042
1596,37.653,127.0431
1597,37.6569,127.0459
